,Tira orthography (singular form),Tira orthography (plural form),Tira orthography (singular object form),Tira orthography (plural object form),Translation equivalent,Have we recorded this one already?,In our database?,COMMENTS,Noun class (based on agreement),SG subject tone,SG subject form,Source for SG subject form,Transcription checked with recording?,Number of syllables of stem,PL subject form,Source for PL subject form,Transcription checked with recording?.1,SG object tone,SG object suffix,Stem tone change,Hiatus (stem-ACC),SG object form,Source for SG object form,Transcription checked with recording?.2,PL object form,Source for PL object form,Transcription checked with recording?.3,SG citation form,Source for SG citation form,Transcription checked with recording?.4,PL citation form,Source for PL citation form,Transcription checked with recording?.5,Gloss
0,,,,,badness/bad person (?),has gaps,,compare to 'bad',k/l,LL,矛t蕛蓴虁,HH20230717-1,yes,2,l蕣虁t蕛蓴虁,,,,,,,矛t蕛蓴虁,,,l蕣虁t蕛蓴虁,,,,,,,,,badness
1,,,,,good person/people,has gaps,,compare to 'good',k/l,LLL,矛t蕛蓹虁l脿,HH20230717-1,yes,3,l蓹虁t蕛蓹虁l脿,HH20230717-1,yes,,,,,,,,,,,,,,,,,good.person
2,,,,,goodness,has gaps,,compare to 'good',艐,LLL,艐蓹虁t蕛蓹虁l脿,HH20230717-1,yes,3,,,,,,,,,,,,,,,,,,,,goodness
3,lengen,lelen,lengen,lelen,mother,has gaps,check eaf file status,"inalienable noun; root+possessive. See also ""aya""",l/,,l蓻艐伞-,HH20210604,,,,,,,,,,li虂艐伞-蓻虂n 'his mother',HH20211019,recheck,,,,,,,,,,mother
4,,,,,something,has gaps,,,,,,,,,,,,,,,,冒i虁刹u虂,HH20230619,,,,,,,,,,,something
5,aba,abanga,abangu,abangre,father,has gaps,check eaf file status,inalienable noun; root+possessive,冒/r,,冒蓻t酞-,,,,r蓻t酞-,,,,,,,,,,,,,,,,,,,father
6,,,,,grass,has gaps,,get this in carrier phrases,,,"艐a虁刹a虁, 艐a虃刹a虁",HH20230717-1,,,,,,,,,,,,,,,,,,,,,,grass
7,,,,,roof (=house?),has gaps,,get this in carrier phrases,,,,,,,,,,,,,,蓻虁艐na虂,HH20230717-1,yes,,,,,,,,,,roof
8,lubu,,,,well,has gaps,,Compare to 'ball',,,l蓹虁bu虂,,,,,,,,,,,,,,,,,,,,,,,well
9,zornde,ornde,zornda,ornda,wheat (seed or plant),missing OBJ form,,check tone,,(L)HL,冒蓴虂rnd蓻虁,HH20230724,yes,2,蓴虁删nd蓻虁,HH20230103,,,,,,,,,,,,,,,,,,wheat
10,lon,ngon,lona,ngona,sorghum (seed),missing OBJ form,,,l/艐,L,l蓴虁n,HH20230724,yes,1,艐蓴虁n,HH20230724,yes,,,,,,,,艐蓴虁n-脿,HH20230724,,,,,,,,sorghum
11,zeberr,no number distinction,,,wind,missing OBJ form,,,,,冒蓻虁尾蓻虁r,HH20221227,,,,,,,,,,,,,,,,,,,,,,wind
12,muzu,nalmuzu,muzu,nalmuzu,leopard,needs object form in better carrier phrase (check mu虁冒u虁 VS mu虁冒蓴虁),has gaps,recheck plural forms,k/n,LL,mu虁藧冒u虁,< HH08212020-2:04:27.1 >,yes,2,mu虁藧冒u虁,,,,,,,mu冒-蓴,,,,,,mu虁藧冒u虁,< HH08212020-2:00:10.3 >,yes,mu虁藧冒u虁,,,leopard
13,emanen,lemanen,emanena,lemanena,her husband,no,,,,,,,,,,,,,,,,,HH20220220-1,,,,,,,,,,,her husband
14,a脿wu脿 ~ awu ?,na脿wu脿?,,,drying rack,no,,Transcription is from Guest; switch to Tira orthography,,,,,,,,,,,,,,,,,,,,,,,,,,
15,awu,naawua,awue,naawuae,drying rack,no,,Transcription is from Guest; switch to Tira orthography,,,,,,,,,,,,,,,,,,,,,,,,,,
16,arrix/arriue,narrix,arra,narra,stool,no,,Transcription is from Guest; switch to Tira orthography,,,,,,,,,,,,,,,,,,,,,,,,,,
17,aarix,naarix,aare,naare,belly,no,,Transcription is from Guest; switch to Tira orthography,,,,,,,,,,,,,,,,,,,,,,,,,,
18,awe,nawe,aweng,naweng,rainy season,no,,Transcription is from Guest; switch to Tira orthography,,,,,,,,,,,,,,,,,,,,,,,,,,
19,awurr,nawurr,awurre,nawurre,doorway,no,,Transcription is from Guest; switch to Tira orthography,,,,,,,,,,,,,,,,,,,,,,,,,,
20,azi,nazi,aze,naze,crowd,no,,Transcription is from Guest; switch to Tira orthography,,,,,,,,,,,,,,,,,,,,,,,,,,
21,azenyen,nazenyen,azenyene,nazenyene,time,no,,Transcription is from Guest; switch to Tira orthography,,,,,,,,,,,,,,,,,,,,,,,,,,time
22,bokaa,nbokaa,,,bird sp.,no,,Transcription is from Guest; switch to Tira orthography,,,,,,,,,,,,,,,,,,,,,,,,,,
23,caya,nalcaya,caye,nacaye,finches,no,,Transcription is from Guest; switch to Tira orthography,,,,,,,,,,,,,,,,,,,,,,,,,,
24,cuhq/zidii,nguhq/ridii,cqhe,nguhe,"anus, animal hole",no,,Transcription is from Guest; switch to Tira orthography,,,,,,,,,,,,,,,,,,,,,,,,,,
25,ayean/ayien,nayean/nayien,ayeane,nayeane,hill,no,,Transcription is from Guest; switch to Tira orthography,,,,,,,,,,,,,,,,,,,,,,,,,,
26,ehe,nahe,,,"interior, inside of",no,,Transcription is from Guest; switch to Tira orthography,,,,,,,,,,,,,,,,,,,,,,,,,,
27,ehom,letom,ehome,letome,thief,no,,Transcription is from Guest; switch to Tira orthography,,,,,,,,,,,,,,,,,,,,,,,,,,
28,ela,nela,ele,nele,"broken dish, tortoise shell",no,,Transcription is from Guest; switch to Tira orthography,,,,,,,,,,,,,,,,,,,,,,,,,,
29,elx,nelx,ela,nela,armpit,no,,Transcription is from Guest; switch to Tira orthography,,,,,,,,,,,,,,,,,,,,,,,,,,
30,erre,nerre,erreze,nerreze,compound,no,,Transcription is from Guest; switch to Tira orthography,,,,,,,,,,,,,,,,,,,,,,,,,,
31,errvo,,,,smell,no,,Transcription is from Guest; switch to Tira orthography,,,,,,,,,,,,,,,,,,,,,,,,,,
32,hapu脿rr ,Nyapuarr,hapuarro,nyapuarro,little spark,no,,Transcription is from Guest; switch to Tira orthography,,,,,,,,,,,,,,,,,,,,,,,,,,
33,he脿n,nyen,heane,nyene,little dog,no,,Transcription is from Guest; switch to Tira orthography,,,,,,,,,,,,,,,,,,,,,,,,,,
34,hez ~ hrez ~ hxrez?,,,,little cloth,no,,Transcription is from Guest; switch to Tira orthography,,,,,,,,,,,,,,,,,,,,,,,,,,
35,hrez ~ hxrez?,nrez/nxrez,hreze/hxreze,nreze/nxreze,little palm,no,,Transcription is from Guest; switch to Tira orthography,,,,,,,,,,,,,,,,,,,,,,,,,,
36,hilez ,nyilez,hileze,nyileze,little hoe,no,,Transcription is from Guest; switch to Tira orthography,,,,,,,,,,,,,,,,,,,,,,,,,,
37,h茂霉lo脿,,,,dust,no,,Transcription is from Guest; switch to Tira orthography,,,,,,,,,,,,,,,,,,,,,,,,,,
38,h茂霉yo脿 ,ny茂霉yo脿 ,,,spark,no,,Transcription is from Guest; switch to Tira orthography,,,,,,,,,,,,,,,,,,,,,,,,,,
39,hx脿 ,,,,little hand,no,,Transcription is from Guest; switch to Tira orthography,,,,,,,,,,,,,,,,,,,,,,,,,,
40,hx脿li ~ hx脿lx,,,,little chief,no,,Transcription is from Guest; switch to Tira orthography,,,,,,,,,,,,,,,,,,,,,,,,,,
41,ibez?,,,,dry skin,no,,Transcription is from Guest; switch to Tira orthography,,,,,,,,,,,,,,,,,,,,,,,,,,
42,idu,irrdu,zido,zirdo,fall,no,,Transcription is from Guest; switch to Tira orthography,,,,,,,,,,,,,,,,,,,,,,,,,,
43,uriz,nuriz,urize,nurize,"tendon, vein",no,,Transcription is from Guest; switch to Tira orthography,,,,,,,,,,,,,,,,,,,,,,,,,,
44,quapi/opiu,nopi ,quapa,nopa,veranda,no,,Transcription is from Guest; switch to Tira orthography,,,,,,,,,,,,,,,,,,,,,,,,,,
45,isaam,nisaam,isaame,nisaame,neck,no,,Transcription is from Guest; switch to Tira orthography,,,,,,,,,,,,,,,,,,,,,,,,,,
46,ziyu,iyu,,,intestine,no,,Transcription is from Guest; switch to Tira orthography,,,,,,,,,,,,,,,,,,,,,,,,,,
47,la脿to脿m,na脿to脿m,laatoame,naatoame,dog tick,no,,Transcription is from Guest; switch to Tira orthography,,,,,,,,,,,,,,,,,,,,,,,,,,
48,lam/lamra,ngam/ngamra,,,spider saliva,no,,Transcription is from Guest; switch to Tira orthography,,,,,,,,,,,,,,,,,,,,,,,,,,
49,laawu/ngaawu,nyaawu,ngaawue,ngaawue,mosquito,no,,Transcription is from Guest; switch to Tira orthography,,,,,,,,,,,,,,,,,,,,,,,,,,
50,,,,,waterhole,no,,Transcription is from Guest; switch to Tira orthography,,,,,,,,,,,,,,,,,,,,,,,,,,
51,zxdx,xdx,zxda,xda,coconut tree,no,,Transcription is from Guest; switch to Tira orthography,,,,,,,,,,,,,,,,,,,,,,,,,,
52,lngaaz,ingaaz,lngaaze,ingaaze,tooth,no,,Transcription is from Guest; switch to Tira orthography,,,,,,,,,,,,,,,,,,,,,,,,,,
53,leny,ngeny,lenye,ngenye,penis,no,,Transcription is from Guest; switch to Tira orthography,,,,,,,,,,,,,,,,,,,,l蓻虁沙,HH20200917,,,,,
54,zq,rrq,zqe,rrqe,switch,no,,Transcription is from Guest; switch to Tira orthography,,,,,,,,,,,,,,,,,,,,,,,,,,
55,leay,ngeay,leaye,ngeaye,eye,no,,Transcription is from Guest; switch to Tira orthography,,,,,,,,,,,,,,,,,,,,,,,,,,
56,ngelaa,no plural form,,,"fat, oil, butter",no,,Transcription is from Guest; switch to Tira orthography,,,,,,,,,,,,,,,,,,,,,,,,,,
57,lelaa,elaa,,,lump of fat,no,,Transcription is from Guest; switch to Tira orthography,,,,,,,,,,,,,,,,,,,,,,,,,,
58,avi,navi,ave,nave,liver,no,,Transcription is from Guest; switch to Tira orthography,,,,,,,,,,,,,,,,,,,,,,,,,,
59,loce,ngoce,loca,ngoca,beard,no,,Transcription is from Guest; switch to Tira orthography,,,,,,,,,,,,,,,,,,,,,,,,,,
60,loal,ngoal,lolae,ngolae,"tear drop, tears",no,,Transcription is from Guest; switch to Tira orthography,,,,,,,,,,,,,,,,,,,,,,,,,,
61,lomon/lenea,ngomon,lomone,ngomone,number,no,,Transcription is from Guest; switch to Tira orthography,,,,,,,,,,,,,,,,,,,,,,,,,,
62,lon,ngon,lona,ngona,"crop, grain, seed",no,,Transcription is from Guest; switch to Tira orthography,,,,,,,,,,,,,,,,,,,,,,,,,,
63,atim,natim,atima,natima,tick,no,,Transcription is from Guest; switch to Tira orthography,,,,,,,,,,,,,,,,,,,,,,,,,,
64,zho,rrho,,,tamarind tree,no,,Transcription is from Guest; switch to Tira orthography,,,,,,,,,,,,,,,,,,,,,,,,,,
65,lxarr,no plural form,,,grain soup ( sesame grain),no,,Transcription is from Guest; switch to Tira orthography,,,,,,,,,,,,,,,,,,,,,,,,,,
66,luco,nguco,,,salt,no,,Transcription is from Guest; switch to Tira orthography,,,,,,,,,,,,,,,,,,,,,,,,,,
67,luli,nguli,lulinye,ngulinye,frog,no,,Transcription is from Guest; switch to Tira orthography,,,,,,,,,,,,,,,,,,,,,,,,,,
68,lumu,ngumu,,,hedgehog,no,,Transcription is from Guest; switch to Tira orthography,,,,,,,,,,,,,,,,,,,,,,,,,,
69,ngony,no plural form,ngonye,,saliva,no,,Transcription is from Guest; switch to Tira orthography,,,,,,,,,,,,,,,,,,,,,,,,,,
70,lupihil,ngupihil,lupihila,ngupihila,stick,no,,Transcription is from Guest; switch to Tira orthography,,,,,,,,,,,,,,,,,,,,,,,,,,stick
71,lurro,ngurro,lurre,ngurre,testicle,no,,Transcription is from Guest; switch to Tira orthography,,,,,,,,,,,,,,,,,,,,,,,,,,
72,lerrix,ngerrix,lerra,ngerra,thigh,no,,Transcription is from Guest; switch to Tira orthography,,,,,,,,,,,,,,,,,,,,,,,,,,
73,luz,nguz,luze,nguze,dew,no,,Transcription is from Guest; switch to Tira orthography,,,,,,,,,,,,,,,,,,,,,,,,,,
74,luz,nguz,luze,nguze,dew drop,no,,Transcription is from Guest; switch to Tira orthography,,,,,,,,,,,,,,,,,,,,,,,,,,
75,ngal?,nyal?,,,bamboo stick,no,,Transcription is from Guest; switch to Tira orthography,,,,,,,,,,,,,,,,,,,,,,,,,,
76,Ngattu,Ngattunga,Ngattung,Ngattungerre,fourth born son,no,,Transcription is from Guest; switch to Tira orthography,,,,,,,,,,,,,,,,,,,,,,,,,,
77,ngauz,no plural form,ngauze,,work,no,,Transcription is from Guest; switch to Tira orthography,,,,,,,,,,,,,,,,,,,,,,,,,,
78,ngdiu?,nyadiu?,,,wine pot,no,,Transcription is from Guest; switch to Tira orthography,,,,,,,,,,,,,,,,,,,,,,,,,,
79,ngihai,no plural form,ngihai,,death,no,,Transcription is from Guest; switch to Tira orthography,,,,,,,,,,,,,,,,,,,,,,,,,,
80,Zxarr,no plural form,,,cream,no,,Transcription is from Guest; switch to Tira orthography,,,,,,,,,,,,,,,,,,,,,,,,,,
81,ngili,no plural form,ngilinye,ngilinye,kingdom,no,,Transcription is from Guest; switch to Tira orthography,,,,,,,,,,,,,,,,,,,,,,,,,,
82,ngiyol,nyiyol,,,"chick, male chicken",no,,Transcription is from Guest; switch to Tira orthography,,,,,,,,,,,,,,,,,,,,,,,,,,
83,ngx脿rr ,,,,little grain soup ( sesame grain soup),no,,Transcription is from Guest; switch to Tira orthography,,,,,,,,,,,,,,,,,,,,,,,,,,
84,no Tira word,,,,window,no,,,,,,,,,,,,,,,,,,,,,,,,,,,,
85,ny茂霉 ?,h茂霉 ?,,,"little thorn ( h茂霉  & zi are the same) - but I am not sure what ""ny茂霉 "" means. ",no,,Transcription is from Guest; switch to Tira orthography,,,,,,,,,,,,,,,,,,,,,,,,,,
86,ohddino,zohddino,,,facial marks,no,,Transcription is from Guest; switch to Tira orthography,,,,,,,,,,,,,,,,,,,,,,,,,,
87,ol,lal,ole,lale,fly,no,,Transcription is from Guest; switch to Tira orthography,,,,,,,,,,,,,,,,,,,,,,,,,,
88,oranu,loranu,oranu,loranu,difference,no,,Transcription is from Guest; switch to Tira orthography,,,,,,,,,,,,,,,,,,,,,,,,,,
89,ozengen,nozengen,ozengene,nozengene,elephant,no,,Transcription is from Guest; switch to Tira orthography,,,,,,,,,,,,,,,,,,,,,,,,,,
90,qcq,nqcq,qca,nqca,saddle,no,,Transcription is from Guest; switch to Tira orthography,,,,,,,,,,,,,,,,,,,,,,,,,,
91,qcq,nqcq,qce,nqce,"shield, net",no,,Transcription is from Guest; switch to Tira orthography,,,,,,,,,,,,,,,,,,,,,,,,,,
92,raama,yaama,,,locust,no,,Transcription is from Guest; switch to Tira orthography,,,,,,,,,,,,,,,,,,,,,,,,,,
93,zul ,rrul,,,hair parts ( that's correct),no,,Transcription is from Guest; switch to Tira orthography,,,,,,,,,,,,,,,,,,,,,,,,,,
94,ttum,no plural,ttume,,onion,no,,Transcription is from Guest; switch to Tira orthography,,,,,,,,,,,,,,,,,,,,,,,,,,
95,ucul ,lcul ,uculo,lculo,stranger,no,,Transcription is from Guest; switch to Tira orthography,,,,,,,,,,,,,,,,,,,,,,,,,,
96,uzul,nzul,uzule,nzule,forehead,no,,Transcription is from Guest; switch to Tira orthography,,,,,,,,,,,,,,,,,,,,,,,,,,
97,qniz,lqniz,qnize,lqnize,orphan,no,,Transcription is from Guest; switch to Tira orthography,,,,,,,,,,,,,,,,,,,,,,,,,,
98,usii,,usaa,,footprint,no,,Transcription is from Guest; switch to Tira orthography,,,,,,,,,,,,,,,,,,,,,,,,,,
99,uttu,nuttu,utto,nutto,wall,no,,Transcription is from Guest; switch to Tira orthography,,,,,,,,,,,,,,,,,,,,,,,,,,
100,utturr,lutturr,utturro,lutturro,pig,no,,Transcription is from Guest; switch to Tira orthography,,,,,,,,,,,,,,,,,,,,,,,,,,
101,qwuo,no plural form,qwe,,hair paint,no,,Transcription is from Guest; switch to Tira orthography,,,,,,,,,,,,,,,,,,,,,,,,,,
102,uwo,nuwo,,,moon,no,,Transcription is from Guest; switch to Tira orthography,,,,,,,,,,,,,,,,,,,,,,,,,,
103,utturr,nutturr,utturre,nuturre,navel,no,,Transcription is from Guest; switch to Tira orthography,,,,,,,,,,,,,,,,,,,,,,,,,,
104,uzu ,no plural form,,,partially digested food,no,,Transcription is from Guest; switch to Tira orthography,,,,,,,,,,,,,,,,,,,,,,,,,,
105,qzqvaz,no plural form,qzqvaze,,"foam ( ""Zaavra"" - means wet)",no,,Transcription is from Guest; switch to Tira orthography,,,,,,,,,,,,,,,,,,,,,,,,,,
106,wang,lang,wange,lange,thing,no,,Transcription is from Guest; switch to Tira orthography,,,,,,,,,,,,,,,,,,,,,,,,,,
107,xlx/xli,nxlx/nxli,xlxnye,nxlxnye,chief,no,,Transcription is from Guest; switch to Tira orthography,,,,,,,,,,,,,,,,,,,,,,,,,,
108,xrez,nxrez,xreze,nxreze,little palm,no,,Transcription is from Guest; switch to Tira orthography,,,,,,,,,,,,,,,,,,,,,,,,,,
109,yur茂霉z,,yur茂霉ze,,cow tick,no,,Transcription is from Guest; switch to Tira orthography,,,,,,,,,,,,,,,,,,,,,,,,,,
110,zaaz,raaz,zaaze,raaze,road,no,,Transcription is from Guest; switch to Tira orthography,,,,,,,,,,,,,,,,,,,,,,,,,,
111,zehx,rrehx,zeha,rreha,wooden mallet,no,,Transcription is from Guest; switch to Tira orthography,,,,,,,,,,,,,,,,,,,,,,,,,,
112,ziyo,riyo,,,tree bark,no,,Transcription is from Guest; switch to Tira orthography,,,,,,,,,,,,,,,,,,,,,,,,,,
113,zqhq,rqhq,zqha,rqha,rainbow,no,,Transcription is from Guest; switch to Tira orthography,,,,,,,,,,,,,,,,,,,,,,,,,,
114,ili,,ilo,,"sale, selling",no,,Transcription is from Guest; switch to Tira orthography,,,,,,,,,,,,,,,,,,,,,,,,,,
115,zngq ~ zqnq脿 ,rngq,,,snake bird,no,,Transcription is from Guest; switch to Tira orthography,,,,,,,,,,,,,,,,,,,,,,,,,,
116,zorr,orr,,,baobab tree,no,,Transcription is from Guest; switch to Tira orthography,,,,,,,,,,,,,,,,,,,,,,,,,,
117,zorrnda,orrnda,zorrnde,orrnde,millet,no,,Transcription is from Guest; switch to Tira orthography,,,,,,,,,,,,,,,,,,,,,,,,,,
118,zotto,yotto,,,"cock, rooster",no,,Transcription is from Guest; switch to Tira orthography,,,,,,,,,,,,,,,,,,,,,,,,,,
119,zqr茂霉 ~ zqrx脿 ,rqr茂霉 ,zqrx脿 ,rqrx脿 ,"farm, field",no,,Transcription is from Guest; switch to Tira orthography,,,,,,,,,,,,,,,,,,,,,,,,,,
120,zrov,irov,zrove,irove,piece of thatching grass,no,,Transcription is from Guest; switch to Tira orthography,,,,,,,,,,,,,,,,,,,,,,,,,,
121,zu脿hq脿 ~ zq脿hq脿 ? ,yu脿l ,,,giraffe,no,,Transcription is from Guest; switch to Tira orthography,,,,,,,,,,,,,,,,,,,,,,,,,,
122,zubaa/zqbaa,,,,"war, battle",no,,Transcription is from Guest; switch to Tira orthography,,,,,,,,,,,,,,,,,,,,,,,,,,
123,zuhubu,rruhubu,zuhubo,rruhubo,tree sp.,no,,Transcription is from Guest; switch to Tira orthography,,,,,,,,,,,,,,,,,,,,,,,,,,
124,zupi/zqpi,rrupi,rrupa,yuppa,pencil,no,,Transcription is from Guest; switch to Tira orthography,,,,,,,,,,,,,,,,,,,,,,,,,,
125,luro,zuro,,,piece of dung,no,,Transcription is from Guest; switch to Tira orthography,,,,,,,,,,,,,,,,,,,,,,,,,,
126,iyea,no plural form,,,"hope, confidence",no,,Transcription is from Guest; switch to Tira orthography,,,,,,,,,,,,,,,,,,,,,,,,,,
127,zuwo,no plural form,,,smoke,no,,Transcription is from Guest; switch to Tira orthography,,,,,,,,,,,,,,,,,,,,,,,,,,
128,lum,nyum,lume,nyume,flea,no,,Transcription is from Guest; switch to Tira orthography,,,,,,,,,,,,,,,,,,,,,,,,,,
129,zxcq/Uni,xcq/nuni,zxca,xca,"basket ( basket has got many names in Tira. It depends on the type of basket one referring to - Zxcq/laran  - this is amlost similay - a basket made of palm leaves only, while Uni - abit bigger basket made of palm leaves and sticks)",no,,Transcription is from Guest; switch to Tira orthography,,,,,,,,,,,,,,,,,,,,,,,,,,
130,zxde脿,xde脿,,,"a kind of shade tree ( zxdea is to sit under the shade of a tree), but the shade is - uyel ",no,,Transcription is from Guest; switch to Tira orthography,,,,,,,,,,,,,,,,,,,,,,,,,,
131,wen,lailen,wen,lailen,wife,yes,in preparation for a Kwaras run,,k/l,?(H)H,w蓻虂n,HH20220326-4,yes,1 or 2,la虂jl蓻虂n,HH20220326-4,yes,LH,脴,yes? (recheck) H -> LH,N.A.,w蓻虒n,HH20220726-1,yes,la虁jl蓻虂n,HH20220726-1,yes,w蓻虒n,HH20200917,,,,,wife
132,lna,,,,hut,yes,,,l/艐,?(L)H,l虁na虂,HH20230619,yes,2,艐蓹虁na虂,HH20230619,yes,(L)H,脴,no,N.A.,l虁na虂,HH20230619,yes,艐虁na虂,HH20230619,yes,,,,,,,hut
133,zro,irro,zro,irro,hair,yes,in preparation for a Kwaras run,SG means 'strand of hair',冒/j,?(L)H,冒删蓴虂,HH20220326-4,yes,1 or 2,i虁r蓴虂,HH20220326-4,yes,LH,脴,recheck transcriptions,N.A.,冒蓹虁r蓴虂,HH020220726-1,yes,i虁r蓴虂,HH020220726-1,yes,,,,,,,hair
134,kuhi,no number distinction,kuhi,no number distinction,forest,yes,check eaf file status,This is k麓-u虁山i虁 'LOC-trees',k,?HF (/H-LL/),ku虂山i虁,HH20210728,yes,2,no number distinction,,,HL (/H-LL/),脴,no,N.A.,ku虂山i虁,HH20230516,yes,no number distinction,,,,,,,,,forest
135,aya,ayanga,aya,ayanga,mother,yes,in preparation for a Kwaras run,"see also ""lengen""",k/l,?HL or LHL,a虂ja虁 or a虁i虂a虁,HH20220326-2,yes,2 or 3,a虂ja虁艐a虂,HH20220326-2,yes,HH-L,艐,depends,no,a虂ja虂-艐虁,HH20220719-2,yes,a虂ja虁-艐a虂,HH20220719-2,yes,,,,,,,mother
136,uri,,luri,,rat,yes,,,k/l,?LL~HH,u虁删i虁 ~ u虂删i虂,HH20240405,,, lu虂删i虂 ~ lu虂删i虂,"HH20240405, HH20240412",,"LL, *HH",脴,sort of,,u虁删i虁,HH20240405,,lu虁删i虁,"HH20240405, HH20240412",,,,,,,,rat
137,zi/zii,rri/rrii,ziye/ziyye,rriye/rriiye,thorn,yes,check eaf file status,,冒/r,F,冒i虃 or 冒i虂j虁,HH20211004,yes,1,ri虃,HH20211004,yes,H-H,蓻,depends,no,冒铆j-蓻虂,HH20211004,yes,r铆j蓻虂,HH20211004,yes,冒i虁,HH20210913,,,,,thorn
138,zq,rq?,,,stick (bamboo stick),yes,check eaf file status,recheck tone,冒/r,F,冒o虃 or 冒o虂w虁,HH20211004,yes,1,ro虃 or ro虂w虁,HH20211004,yes,H-H,蓻,depends,no,"冒o虂w-蓻虂, 冒u虂w-蓻虂","HH20211011, HH20211004",yes,row蓻,HH20211011,,冒o,HH20211011,,,,,stick
139,al,nal,ale,nale,"stone, grinding stone",yes,check eaf file status,,k/,F,a虃l or a虂l虁,HH20211026,yes,1,na虃l,HH20230703,yes,H-H,蓻,depends,no,a虂l-蓻虂,HH20220726-2,yes,na虂l蓻虂,HH20220726-2,yes,a虃l,HH20211026,yes,,,,stone
140,leny,ngeny,lenye,ngenye,egg,yes,in preparation for a Kwaras run,,l/艐,H,l蓻虂刹,HH20220326-5,yes,1,艐蓻虂刹 ,HH20220326-5,yes,H-H,蓻,no,no,l蓻虂刹-蓻虂,HH20220828,yes,艐蓻虂刹蓻虂,HH20220828,yes,l蓻虒n,HH20200917,,,,,egg
141,ngen,nyen,ngene,nyene,dog,yes,in preparation for a Kwaras run,recheck tones and vowels,艐/刹,H,艐蓻虂n ,HH20220326-5,yes,1,刹蓻虂n,HH20220326-5,yes,H-H,蓻,no,no,艐蓻虂n-蓻虂,HH20220828,yes,刹蓻虂n蓻虂,HH20220828,yes,艐en,,,刹蓻n,,,dog
142,ngaw,no number distinction,ngave,no number distinction,water,yes,check eaf file status,,艐,H,艐a虂o虂,< HH08142020:21:14.4 0:01.5 >,yes,1,no number distinction,,,H-H,蓻 (or v蓻),no,depends,艐谩v-蓻虂,HH20220712-1,yes,no number distinction,,,,,,,,,water
143,dun,no number distinction,dun,no number distinction,home,yes,in preparation for a Kwaras run,might be an adverb,k,H,蓶u虂n,HH20220326-2,yes,1,no number distinction,HH20220326-2,yes,H-L,艐u,no,no,蓶u虂n-艐u虁,HH20220719-2,yes,no number distinction,,,蓶u虁n,HH20211123,,,,,home
144,ze/zee,rre,ze/zee,rre,hand,yes,check eaf file status,,冒/r,H,冒e虂,HH20211004,yes,1,r茅,HH20211004,yes,H,脴,no,N.A.,冒e虂,HH20211004,yes,r茅,HH20211004,yes,冒e虃,HH20210913,,,,,hand
145,zarr,yarr,zarr,yarr,rope,yes,check eaf file status,,冒/j,H,冒a虂r,HH20211005,yes,1,ja虂r,HH20211005,yes,H,脴,no,N.A.,冒a虂r,HH20211019,yes,,,,,,,ja虂r,HH20211005,,rope
146,lan,ngan,lan,ngan,"milk, drop of milk",yes,in preparation for a Kwaras run,SG means 'drop of milk',l/艐,H,la虂n,HH20220326-3,yes,1,艐a虂n,HH20220326-3,yes,H,脴,no,N.A.,la虂n,HH20220719-2,yes,艐a虂n,HH20220719-2,yes,,,,,,,milk
147,oy/lay,Lay,oy/lay,lay,"bee, honey",yes,in preparation for a Kwaras run,,k/l,H,蓴虂j,HH20220326-4,yes,1,la虂j,HH20220326-4,yes,H,脴,no,N.A.,蓴虂j,HH20220726-1,yes,la虂j,HH20220726-1,yes,蓴虒j,HH20200917,,la虁j,HH20200917,,bee/honey
148,ta/lta,ngta,ta,ngta,head,yes,in preparation for a Kwaras run,also l瑟虁ta虂 (HH20211122),l/艐,H,蕡a虂,HH20220326-4,yes,1,艐蕡a虂,HH20220326-4,yes,H,脴,no,N.A.,蕡a虂,HH20220726-1,yes,艐虁ta虂,HH20220726-7,yes,,,,,,,head
149,ngaam,no plural form,ngaame,no plural form,spider web,yes,Get ACC form again; spelled with <e> but got it without case marking,see also 'arru',艐,H,艐a虂m,HH20230608,yes,1,no number distinction,,,H,脴,none,N.A.,艐a虂m,HH20230608,yes,no number distinction,,,,,,,,,spider.web
150,uroz,no number distinction,uroze,no number distinction,curse,yes,in preparation for a Kwaras run,,k,HF,蓴虂r蓴虃冒,HH20220326-5,yes,2,no number distinction,HH20220326-5,yes,HH-H,蓻,depends,no,蓴虂删蓴虂冒-蓻虂,HH20220828,yes,no number distinction,,,,,,,,,curse
151,elx,nelx,elx,nelx,"king, chief",yes,in preparation for a Kwaras run,differential object marking (for specificity?),k/n,HF,蓻虂le虃,HH20220326-2,yes,2,n蓻虂le虃,HH20220326-2,yes,HH-H,刹蓻,depends,no,蓻虂le虂-刹蓻虂 蓻虂le虃 ,HH20220719-2,yes,n蓻虂le虂 n蓻虂le虂刹e虂,HH20220719-2,yes,蓻虂l蓻虂,HH20200917,,,,,king
152,nguhi ,nyuhi,nguhinye,nhuhinye,axe,yes,in preparation for a Kwaras run,,艐/刹,HF,艐u虂山i虃,HH20220326-2,yes,2,刹u虂山i虃,HH20220326-2,yes,HH-H,刹蓻,depends,no,艐u虂山i虂-刹蓻虂,HH20220714,yes,刹u虂山i虂-刹蓻虂,HH20220714,yes,艐u山i,HH20220206-2,,,,,axe
153,rromo,ngrromo,rromo,ngrromo,ram,yes,check eaf file status,,l/艐,HF,r蓴虂m蓴虃,HH08072020,yes,2,艐虂r蓴虂m蓴虃,HH08072020,yes,HF,脴,no,N.A.,r蓴虂m蓴虃,HH20220326-1,yes,艐虂r蓴虂m蓴虃,,,,,,,,,ram
154,nyango,no number distinction,nyango,no number distinction,Tira dance style,yes,check eaf file status,,刹,HF,刹a虂艐g蓴虃,HH20210528,yes,2,no number distinction ??,,,HF,脴,no,N.A.,刹a虂艐g蓴虃,HH20210528,yes,no number distinction ??,,,刹a虂艐g蓴虁,HH20210528,,,,,Tira.dance.style
155,zengen,rengen,zengena,rengene,"sound, letter",yes,check eaf file status,recheck OBJ forms in better carrier phrase,冒/l,HH,冒蓻虂艐蓻虂n,HH20200917,yes,2,ka虁冒蓻虂艐蓻虂n,HH20200917,yes,HH-H,a,no,no,冒蓻虂艐蓻虂n-a虂,HH20230516,yes,ka虁冒蓻虂艐蓻虂n蓻虂,HH20200917,,冒蓻艐蓻n,HH20200917,,ka冒蓻艐蓻n,HH20200917,,sound
156,acam,nacam,acama,nacama,civet,yes,check eaf file status,,k/n,HH,谩t蕛谩m,HH20211004,yes,2,n谩t蕛谩m,HH20211004,yes,HH-H,a,no,no,谩t蕛谩m-谩,HH20211004,yes,n谩t蕛谩m谩,HH20211004,yes,,,,,,,civet
157,amal,namal,amala,namala,boy,yes,in preparation for a Kwaras run,"see also ""aprri""",k/n,HH,a虂ma虂l,HH20220326-4,yes,2,na虂ma虂l,HH20220326-4,yes,HH-H,a,no,no,a虂ma虂l-a虂 ~ a虂ma虂l ~ a虂ma虂l-蓻虂 ~ a虁ma虂l,HH20220726-1,yes,na虂ma虂l na虂ma虂l-a虂 ,HH20220726-1,yes,a虂ma虁l,< HH04232021:26:23.6 >,yes,na虂ma虂l,< HH04232021:26:18.6 >,yes,boy
158,lumon / lurra,ngumo/ngurra,lumono,ngumono,piece of charcoal,yes,,,l/艐,HH,lu虂m蓴虂n,HH20230414,yes,2,艐u虂m蓴虂n,HH20230414,yes,HH-H,a,no,no,lu虂m蓴虂n-a虂,HH20230414,yes,艐u虂m蓴虂n-a虂,HH20230414,yes,,,,,,,charcoal.piece
159,lorro,ngorro,lorra,ngorra,back (body part),yes,check eaf file status,,l/艐,HH,l蓴虂r蓴虂,HH20220201,yes,2,艐蓴虂r蓴虂,HH20230703,yes,H-H,a,no,yes,l蓴虂r-a虂,HH20220224,yes,艐蓴虂r-a虂,HH20220224,yes,l蓴虂:删蓴虁,< HH07242020-Zoom1:07:37.9 >,yes,艐蓴虂藧删蓴虁,< HH07242020-Zoom1:08:21.6 >,yes,back
160,ere,nere,era,nera,fence,yes,in preparation for a Kwaras run,,k/n,HH,蓻虂删蓻虂,HH20220326-2,yes,2,n蓻虂删蓻虂,HH20220326-2,yes,H-H,a,no,yes,蓻虂删-a虂,HH20220719-2,yes,n蓻虂删-a虂,HH20220719-2,yes,,,,,,,fence
161,lomon,ngomon,lomone ,ngomone,day,yes,in preparation for a Kwaras run,,l/艐,HH,l蓴虂m蓴虂n ,HH20220326-5,yes,2,艐蓴虂m蓴虂n ,HH20220326-5,yes,HH-H,蓻,no,no,l蓴虂m蓴虂n-蓻虂,HH20220828,yes,艐蓴虂m蓴虂n蓻虂,HH20220828,yes,l蓴m蓴n,HH20211026,,,,,day
162,zoro,oro,zore,ore,support pole for roof,yes,in preparation for a Kwaras run,,冒/k,HH,冒o虂删o虂 ,HH20220326-5,yes,2,o虂删o虂 ,HH20220326-5,yes,H-H,蓻,no,yes,冒蓴虂删-蓻虂,HH20220828,yes,蓴虂删蓻虂,HH20220828,yes,蓴虂r蓴虂,HH20210913,,,,,support.pole
163,eru,neru,ere,nere,water skin,yes,in preparation for a Kwaras run,,k/n,HH,蓽虂删u虂,HH20220326-5,yes,2,n蓽虂删u虂 ,HH20220326-5,yes,H-H,蓻,no,yes,蓻虂r-蓻虂,HH20220828,yes,n蓻虂删蓻虂,HH20220828,yes,蓽虂ru虂,HH20210913,,,,,waterskin
164,qrra/ura,ngorra,qrre/ure,ngorra,child,yes,in preparation for a Kwaras run,why do SG and PL have different tones?,k/艐,HH,o虂ra虂,HH20220326-5,yes,2,艐蓴虁ra虁,HH20220326-5,yes,H-H,蓻,no,yes,o虂r-蓻虂,HH20220828,yes,艐蓴虁ra虁,HH20220828,yes,o虂ra虁,< HH07312020-Audacity:48:43.7 >,yes,,,,child
165,ngozo,nyozo,ngoze,nyoze,goat (male),yes,check eaf file status,,艐/刹,HH,艐蓴虂冒蓴虂,HH20220719-1,yes,2,刹蓴虂冒蓴虂,HH20220719-1,yes,H-H,蓻,no,yes,艐蓴虂冒-蓻虂,HH20220719-1,yes,,,,,,,,,,billy.goat
166,Elo,no number distinction,Elo,no number distinction,God,yes,in preparation for a Kwaras run,"also 'above', 'top'",k,HH,蓻虂l蓴虂,HH20220326-2,yes,2,no number distinction,HH20220326-2,yes,HH-H,艐u,no,no,蓻虂l蓴虂-艐u虂,HH20220719-2,yes,no number distinction,,,,,,,,,God
167,aru,naru,are,nare,bird's nest/leather bowl/spider web,yes,check eaf file status,also have na虂ro虂 for PL citation form,k/n,HH,蓽虂删蕣虂,HH20201111,yes,2,n蓽虂r蕣虂,HH20230703,yes,HH,脴,no,N.A.,蓽虂删蕣虂,HH20201125,yes,,,,,,,n蓽虂ru虂,HH20201125,,nest/web/bowl
168,ehe,no pluralform,ehe,no number distinction,inside house,yes,check eaf file status,,k,HH,蓻虂山蓻虂,HH20201111,yes,2,no number distinction ??,,,HH,脴,no,N.A.,蓻虂山蓻虂,HH20201125,yes,no number distinction ??,,,,,,,,,inside.house
169,tuttu,ngtuttu,tuttu,ngtuttu,roof (of house),yes,check eaf file status,compare to verb 'cough',l/艐,HH,蕡u虂t酞u虂,HH20201111,yes,2,艐莎虁t酞ut酞u虂,HH20201125,,HH,脴,no,N.A.,蕡u虂t酞u虂,HH20201125,yes,艐wu虁t酞u虂t酞u虂,HH20201125,,t酞u虁t酞u,HH20201111,,刹i虁t酞u虂t酞u虁,HH20210623,,roof
170,lumbe,ngumbe,lumbe,ngumbe,skirt (traditional),yes,check eaf file status,,l/艐,HH,l蕣虂mb蓻虂,HH20210521,yes,2,艐蕣虂mb蓻虂,HH20210521,yes,HH,脴,no,N.A.,l蕣虂mb蓻虂,HH20230516,yes,,,,,,,,,,traditional.skirt
171,lome,ngome,lome,ngome,rain/rain drop(s); plural is a bit unnatural,yes,in preparation for a Kwaras run,,l/,HH,l蓴虂m蓻虂,HH20211130,yes,2,艐蓴虂m蓻虂,HH20230703,yes,HH,脴,no,N.A.,l蓴虂m蓻虂,HH20211130,yes,,,,l蓴虂m蓻虂,HH20211130,yes,,,,rain
172,zo虂la ,ola,zola,ola,"animal (domestic; cows, sheep, camels); body hair (of humans or animals)",yes,has gaps,compare to 'flour residue',冒/k,HH,冒蓴虂la虂,HH20220206-2,yes,2,蓴虂la虂,HH20220206-2,yes,HH,脴,no,N.A.,冒蓴虂l谩,HH20230516,yes,,,,,,,,,,domestic.animal/body.hair
173,zamla ,Yamla,zamla,yamla,camel,yes,in preparation for a Kwaras run,,冒/j,HH,冒a虂mla虂,HH20220213-1,yes,2,ja虂mla虂,HH20220213-1,yes,HH,脴,no,N.A.,冒a虂mla虂,HH20230516,yes,,,,,,,,,,camel
174,elo,no number distinction,elo,no number distinction,"top, sky",yes,in preparation for a Kwaras run,"also 'above', 'top'",k,HH,蓻虂l蓴虂,HH20220326-2,yes,2,no number distinction,HH20220326-2,yes,HH,脴,no,N.A.,蓻虂l蓴虂,HH20220719-2,yes,no number distinction,,,,,,,,,top/sky
175,iyo,no number distinction,iyo,no number distinction,"fire, gun",yes,in preparation for a Kwaras run,,j,HH,i虂j蓴虂,HH20220326-3,yes,2,no number distinction,HH20220326-3,yes,HH,脴,no,N.A.,i虂j蓴虂,HH20220719-2,yes,no number distinction,,,i虁jo虂,HH20200902,,no number distinction,HH20200902,,fire/gun
176,iri,niri,irri,niri,trough,yes,in preparation for a Kwaras run,Is this a trill?,k/n,HH,i虂删i虂,HH20220326-3,yes,2,ni虂删i虂,HH20220326-3,yes,HH,脴,no,N.A.,i虂ri虂,HH20220719-2,yes,ni虂ri虂,HH20220719-2,yes,,,,,,,trough
177,larro,ngarro,lorro,ngarro,"rock, boulder",yes,in preparation for a Kwaras run,,l/艐,HH,la虂r蓴虂,HH20220326-3,yes,2,艐a虂r蓴虂,HH20220326-3,yes,HH,脴,no,N.A.,la虂ro虂,HH20220719-2,yes,艐a虂ro虂,HH20220719-2,yes,la虂r蓴虂,HH20200917,,,,,rock
178,liyo,ngiyo,liyo,ngiyo,poison/pain,yes,in preparation for a Kwaras run,,l/艐,HH,li虂j蓴虂,HH20220326-3,yes,2,艐i虂j蓴虂,HH20220326-3,yes,HH,脴,no,N.A.,li虂j蓴虂,HH20220719-2,yes,艐i虂j蓴虂,HH20220719-2,yes,,,,,,,poison/pain
179,lugo,ngugo,lugo,ngugo,"dress, shirt",yes,in preparation for a Kwaras run,Also luo/艐u虁蓴虂 ~ 艐w虁蓴虂 (HH20210521),l/艐,HH,lu虂g蓴虂,HH20220326-3,yes,2,艐u虂g蓴虂,HH20220326-3,yes,HH,脴,no,N.A.,lu虂g蓴虂,HH20220726-1,yes,艐u虂g蓴虂,HH20220726-1,yes,,,,,,,dress/shirt
180,suhu,no number distinction,suhu,no number distinction,"beer, wine",yes,in preparation for a Kwaras run,,s,HH,su虂山u虂,HH20220326-4,yes,2,no number distinction,HH20220326-4,yes,HH,脴,no,N.A.,su虂山u虂,HH20220726-1,yes,no number distinction,,,,,,,,,beer/wine
181,luco?,nguco,luco?,nguco,soup (SG = drop of soup),yes,in preparation for a Kwaras run,nguco controls PL.OBJ agreement (-lo),l/艐,HH,lu虂t蕛蓴虂,HH20220726-1,yes,2,艐u虂t蕛蓴虂,HH20220326-4,yes,HH,脴,no,N.A.,lu虂t蕛蓴虂,HH20220726-1,yes,艐u虂t蕛蓴虂,HH20220712-1,yes,,,,,,,soup
182,zel,rel,zele,rele,grave,yes,,,冒/r,HH,冒蓻虂l,HH20230414,yes,1,r蓻虂l,HH20230414,yes,H,脴,no,N.A.,冒蓻虂l,HH20230414,yes,r蓻虂l,HH20230414,yes,,,,,,,grave
183,zaahi,rraahi,zaaho,rraaho,wound,yes,,,冒/r,HH,冒蓽虂山i虂,HH20230420-3,yes,2,r蓻虂山i虂,HH20230420-3,no,HH,脴,no,N.A.,冒蓽虂山i虂,HH20230420-3,yes,r蓽虂山i虂,HH20230420-3,yes,,,,,,,wound
184,uzo,no number distinction,uzo,no number distinction,breath,yes,in preparation for a Kwaras run,,k,HH,u虂冒蓴虂,HH20220206-1,yes,2,no number distinction,,,HH,脴,no,N.A.,u虂冒蓴虂,HH20230717-1,yes,no number distinction,,,u虂冒么,< HH07242020-Zoom1:19:31.4 >,yes,,,,breath
185,zola,ola,zola,ola,flour; pollen grains of flower,yes,in preparation for a Kwaras run,compare to 'animal'; also u虁l蓴虂 (PL) (HH20201111),冒/k,HH,冒蓴虂la虂,HH20220326-4,yes,2,蓴虂la虂,HH20220326-4,yes,HH,脴,no (but vowel change? check transcriptions),N.A.,冒o虂la虂,HH020220726-1,yes,蓴虂la虂 ,HH020220726-1,yes,u虁l蓴虁,HH20201111,,no number distinction,HH20201125,,flour/pollen
186,ngirrta,no number distinction,ngirrtta,no number distinction,"word, words",yes,in preparation for a Kwaras run,,艐,HH,艐蓹虂rt酞a虂,HH20220326-4,yes,2,no number distinction,HH20220326-4,yes,LH,脴,no? (is ACC form HH + upsweep?),N.A.,艐蓹虁rt酞a虂,HH20220726-1,yes,no number distinction,,,,,,,,,word
187,irrdo,,nirrdo,,knife,yes,has gaps,,k/,HH,铆rd蓴虂,HH20230420-Zoom-2,yes,2,ndr虂d蓴虂,HH20230703,yes,HH,脴,none,N.A.,i虂rd蓴虂,HH20230516,yes,,,,i虂rd蓴虂,HH20210927,yes,,,,knife
188,arru,narru,arre,narre,spider web,yes,,see also 'ngaam',k/n,HH,蓽虂ru虂,HH20230608,yes,2,n蓽虂ru虂,HH20230608,yes,HH,脴,none,N.A.,蓽虂ru虂,HH20230608,yes,n蓽虂ru虂,HH20230608,yes,,,,,,,spider.web
189,laco,ngaco,laco,ngaco,"mud, drop of mud",yes,in preparation for a Kwaras run,PL.obj form is 艐蓴虂t蕛蓻虂 in HH20220714,l/艐,HH,la虂t蕛蓴虂,HH20220326-3,yes,2,艐a虂t蕛蓴虂,HH20220326-3,yes,HH,脴/蓻,no,N.A.,la虂t蕛蓴虂,HH20220719-2,yes,艐a虂t蕛蓴虂 (艐蓴虂t蕛蓻虂 in HH20220714!),HH20220719-2,yes,艐at蕛蓴,HH20210714,,,,,mud
190,lidi,ngidi,lido,ngido,"pot, clay pot",yes,in preparation for a Kwaras run,,l/n,HH,li虂di虂,HH20220326-2,yes,2,艐i虂di虂,HH20220326-2,yes,H-H,蓴,no,yes,li虂d-蓴虂,HH20220714,yes,艐i虂d-蓴虂,HH20220714,yes,li虂di虂,HH20200917,,,,,pot
191,lobehe,ngobehe,lobeha,ngobeha,flower,yes,check eaf file status,,l/艐,HHH,l蓴虂v蓻虂山蓻虂,HH20220306-1,yes,3,艐蓴虂v蓻虂山蓻虂,HH20220306-1,yes,HH-H,a,no,yes,l蓴虂v蓻虂山-a虂,HH20220306-1,yes,,,,l蓴v蓻山蓻,,,艐蓴v蓻山蓻,,,flower
192,alpuro,nalpuro,alpuro,nalpuro,skin,yes,in preparation for a Kwaras run,,j/n,HHH,a虂lp蕣虂删蓴虂,HH20220326-2,yes,3,na虂lp蕣虂删蓴虂,HH20220326-2,yes,HHH,脴,no,N.A.,a虂lpu虂删蓴虂,HH20220719-2,yes,na虂lpu虂删蓴虂,HH20220719-2,yes,a虂lpu虁ro虁,,,,,,skin
193,lipio,ngipio,lipio,ngipio,mushroom sp.,yes,in preparation for a Kwaras run,,l/艐,HHH,li虂pi虂j蓴虂,HH20220326-3,yes,3,艐i虂pi虂j蓴虂,HH20220326-3,yes,HHH,脴,no,N.A.,li虂pi虂j蓴虂,HH20220719-2,yes,艐i虂pi虂j蓴虂,HH20220719-2,yes,,,,,,,mushroom.sp.
194,amuze ??,no number distinction,amuze,no number distinction,Tira dance style and ceremony,yes,check eaf file status,,k,HHH,a虂mu虂冒蓻虂,HH20220201,yes,3,no number distinction,,,HHH,脴,none,N.A.,a虂mu虂冒蓻虂,HH20220201,yes,no number distinction,,,a虂mu虂冒蓻虂,HH20220201,yes,,,,Tira.dance.ceremony
195,aro,laro,are,lare,"chicken, hen",yes,in preparation for a Kwaras run,,k/l,HL,a虃删o虁,HH20220206-1,yes,2,la虃删o虁,HH20220206-1,yes,H-H,蓻,no (but vowel change?),yes,o虂删-蓻虂,HH20220224,yes,la虂删蓻虂,HH20220224,yes,a虁r蓴虁,HH20210913,,la虁ro虂,< HH20211012:12:11.5 >,yes,chicken/hen
196,karo,"nalkaro, karo",karo,nalkaro,cart,yes,in preparation for a Kwaras run,loanword from Arabic; variation between k/l and k/n; different kind of plural,k/n,HL,ka虃r蓴虁,HH20220326-3,yes,2,n脿lka虃r蓴虁,HH20220326-3,yes,FL,脴,no,N.A.,ka虃r蓴虁,HH20220719-2,yes,n脿lka虃r蓴虁,HH20220719-2,yes,ka虂ro虁,< HH20210305:10:09.2 >,yes,na虁lka虂ro虁,< HH20210305:10:37.3 >,yes,cart
197,lrroba,ngrroba,lrroba,ngrroba,medicine,yes,in preparation for a Kwaras run,,l/艐,HL,lr蓴虃ba虁,HH20220326-3,yes,2,艐r蓴虃ba虁,HH20220326-3,yes,FL,脴,no,N.A.,lr蓴虃ba虁,HH20220726-1,yes,艐r蓴虃ba虁,HH20220726-1,yes,,,,,,,medicine
198,zora,yora,zora,yora,fence,yes,in preparation for a Kwaras run,,冒/j,HL,冒蓴虃删a虁,HH20220326-4,yes,2,j蓴虃删a虁,HH20220326-4,yes,FL,脴,no,N.A.,冒蓴虃删a虁,HH020220726-1,yes,j蓴虃删a虁,HH020220726-1,yes,,,,,,,fence
199,cucu,no number distinction,cuco,no number distinction,beads (PL),yes,,compare to 'suddenly',t蕛,HL,t蕛u虂t蕛u虁,HH20240322,,,no number distinction,,,,蓴,,,t蕛ut蕛蓴,HH20240322,,,,,,,,,,,beads
200,kamaha,kamahanga,kamaha,kamahanya,friend (casual),yes,in preparation for a Kwaras run,different kind of plural,k/l,HLL,ka虂ma虁山a虁,HH20220326-3,yes,3,ka虂ma虁山a虁艐谩,HH20220326-3,yes,HLL,脴,no,N.A.,ka虂ma虁山a虁,HH20220719-2,yes,ka虂ma虁山a虁艐a虂,HH20220719-2,yes,ka虂ma虁山a虁,HH20220201,yes,ka虂ma虁山a虁艐a虂,HH20220201,yes,casual.friend
201,zu,rru,zuve,rruve,heart,yes,check eaf file status,,冒/r,L,冒u虁,HH20211011,yes,1,ru虁,HH20211011,yes,H-H,蓻,yes (L->H),depends (is it /冒v/?),冒蕣虂v-蓻虂,HH20211011,yes,r蕣虂v蓻虂,HH20211011,yes,,,,,,,heart
202,qn,nqn,qne,nqne,porcupine,yes,,,k/n,L,o虁n,HH20230619,yes,1,nu虁n,HH20230619,yes,H-H,蓻,yes (L->H),no,u虂n-蓻虂,HH20230619,yes,nu虂n-蓻虂,HH20230619,yes,o虃n,HH20211011,,no虃n,HH20211011,,porcupine
203,bacum,nalbacum,baccum,nalbacum,fox,yes,in preparation for a Kwaras run,variation in object form (bacum or bacume),k/n,LF,ba虁t蕛蕣虃m,HH20220326-2,yes,2,na虁lba虁t蕛蕣虃m,HH20220326-2,yes,LH-H,蓻,depends,no,ba虁t蕛蕣虂m-蓻虂,HH20220719-2,yes,na虁lba虁t蕛蕣虂m-蓻虂,HH20220719-2,yes,bat蕛um,HH20200910,,na虁lba虁t蕛u虂m,HH20200910,,fox
204,eraz,ndraz,eraze,ndraze,"cloth, clothing, clothes",yes,in preparation for a Kwaras run,PL also n虁dr蓻虂胃 (HH20210521),k/n,LF,蓻虁删a虃冒 ,HH20220326-5,yes,2,n虁dra虃冒,HH20220326-5,yes,LH-H,蓻,depends,no,蓻虁删a虂冒-蓻虂,HH20220828,yes,ndra虂冒蓻虂,HH20220828,yes,瑟r蓻胃,HH20210521,,ndr蓻胃,HH20210521,,clothing
205,laran,ngaran,larane,ngarane,basket (made of palm leaves),yes,in preparation for a Kwaras run,,l/艐,LF,la虁删a虃n,HH20220326-5,yes,2,艐a虁删a虃n,HH20220326-5,yes,LH-H,蓻,depends,no,la虁删a虂n-蓻虂,HH20220828,yes,艐a虁删a虂n蓻虂,HH20220828,yes,,,,,,,palm.leaf.basket
206,adam/iddam,nadam,adama/iddama,nadama,book,yes,in preparation for a Kwaras run,,j/n,LH,a虁da虂m,HH20220326-4,yes,2,na虁da虂m,HH20220326-4,yes,LH-H,a,no,no,a虁da虂m-a虂,HH20220726-1,yes,na虁da虂m-a虂,HH20220726-1,yes,,,,,,,book
207,leverr,ngeverr,leverra,ngeverra,field,yes,in preparation for a Kwaras run,,l/艐,LH,l蓹虁v蓹虂r,HH20220326-5,yes,2,艐蓹虁v蓹虂r,HH20220326-5,yes,LH-H,a,no,no,l蓹虁v蓹虂r-a虂,HH20220726-1,yes,艐蓹虁v蓹虂r-a虂,HH20220726-1,yes,l蓻v蓻r,HH20210830,,,,,field
208,lomoz,ngmoz,lomoza,ngmoza,log,yes,in preparation for a Kwaras run,,l/艐,LH,l蓹虁m蓴虂冒 ,HH20220326-5,yes,2,艐蓹虁m蓴虂冒 ,HH20220326-5,yes,LL-H,a,yes (LH->L),no,l蓹虁m蓴虁冒-a虂,HH20220828,yes,艐蓴虁m蓴虁冒a虂,HH20220828,yes,l蓴虁m蓴虁胃,< HH08142020:54:42.1 >,yes,艐蓴虁m蓴虁胃,< HH08142020:55:13.8 >,yes,log
209,lqlq,ngqlq,lqla,ngaqla,elbow,yes,check eaf file status,,l/艐,LH,lo虁l藧o虂,HH20201111,yes,2,艐o虁lo虂,HH20201125,,L-H,a,no,yes,l貌l-谩,HH20201125,yes,,,,lo虁lo虁,HH20201111,,,,,elbow
210,qlq,nqlq,qla,nqla,sieve,yes,check status of HH20201125,(maybe olo as well),k/n,LH,o虁lo虂,HH20220201,yes,2,no虁lo虂,HH20201125,,L-H,a,no,yes,貌l-谩,HH20201125,yes,,,,o虁lo虂,HH20220201,yes,,,,sieve
211,lerx,ngerx,lera,ngera,bowl,yes,in preparation for a Kwaras run,,l/艐,LH,l蓹虁re虂,HH20220326-4,yes,2,艐蓹虁re虂,HH20220326-4,yes,L-H,a,no,yes,l蓻虁r-a虂,HH20220726-1,yes,艐蓻虁r-a虂,HH20220726-1,yes,,,,,,,bowl
212,lembrre,nembrre,lembrra,ngembrra,bedsheet,yes,in preparation for a Kwaras run,some variation in the properties of the rhotic,l/n,LH,l蓻虁mbre虂,HH20220326-4,yes,2,n蓻虁mbre虂,HH20220326-4,yes,L-H,a,no,yes,l蓹虁mbr-a虂,HH20220726-1,yes,艐蓹虁mbr-a虂,HH20220726-1,yes,l蓻虁mb晒e虂,HH20211005,,,,,bedsheet
213,,,,,prison,yes,has gaps,,l/艐,LH,l蓴虁t酞蓴虂,HH20220809-1,yes,2,艐蓴虁t酞蓴虂,HH20220809-1,yes,L-H,a,no,yes,l蓴虁t酞-谩 ~ l蓴虁t酞蓴虂,HH20230516,yes,,,,l蓴虁t酞蓴虁,HH20220809-1,yes,艐蓴虁t酞蓴虁,HH20220809-1,yes,prison
214,lemea,ngemea,lema,ngema,chin,yes,,,l/艐,LH,l蓻虁m蓻虂,HH20230414,yes,2,艐蓻虁m蓻虂,HH20230414,yes,L-H,a,no,yes,l蓻虁m-a虂,HH20230414,yes,艐蓻虁m-a虂,HH20230414,yes,s,,,,,,chin
215,zmahza,no number distinction,zmahza,no number distinction,curse,yes,in preparation for a Kwaras run,,冒,LH,冒蓹虁ma虂山,HH20220326-4,yes,2,no number distinction,HH20220326-4,yes,HH-H,冒a,no? (is NOM form HH + upsweep?),no,冒蓹虂ma虂山-冒a虂,HH020220726-1,yes,no number distinction,,,ma虂r冒o虂,HH20210913,,,,,curse
216,ilez,nilez,ileze,nileze,hoe,yes,check eaf file status,,k/n,LH,瑟虁l蓻虂胃 ~ 瑟虁l蓻虂冒,HH20201111,yes,2,ni虁l蓻虂冒,HH20230703,yes,LH-H,蓻,no,no,瑟虁l蓻虂冒-蓻虂,HH20220220-1,yes,,,,i虁l:蓻虂冒,HH20210409,,n瑟虁l蓻虂冒,HH20201125,,hoe
217,nguder ?,,,,sleep,yes,check eaf file status,,艐,LH,艐霉冒蓻虂r,HH20220227-1,yes,2,no number distinction,,,LH-H,蓻,no,no,艐霉冒蓻虂删-蓻虂,HH20230516,yes,,,,,,,,,,sleep
218,zohar ,yohar,zohare,yohare,tiger,yes,in preparation for a Kwaras run,variation between j and r in the plural (ro虁山a虂r: HH20200902),冒/j,LH,冒蓴虁山a虂r ,HH20220326-5,yes,2,j蓴虁山a虂r ,HH20220326-5,yes,LH-H,蓻,no,no,冒o虁山a虂删-蓻虂,HH20220828,yes,ju虁山a虂删蓻虂,HH20220828,yes,冒o虁山a虂r,HH20200902,,ro虁山a虂r,HH20200902,,tiger
219,aur,naurr,aure,naurre,door,yes,in preparation for a Kwaras run,also 蓽虁u虂删/n蓽虁u虂删 (HH20220206-2),j/n,LH,a虁u虂r,HH20220326-5,yes,1 or 2,na虁u虂r ,HH20220326-5,yes,LH-H,蓻,no,no,a虁u虂删-蓻虂,HH20220828,yes,na虁u虂删蓻虂,HH20220828,yes,,,,,,,door
220,ayen,nayen,ayene,nayene,"hill, mountain, country",yes,in preparation for a Kwaras run,recheck forms,j/n,LH,a虁je虂n ,HH20220326-5,yes,2,na虁je虂n,HH20220326-5,yes,LL-H,蓻,yes (LH->L),no,a虁je虁n-蓻虂,HH20220828,yes,na虁je虁ne虂,HH20220828,yes,a虁j蓻虁n,< HH08072020:25:48.9 >,yes,,,,hill/mountain/country
221,Ayin,no number distinction,ayine,no number distinction,Earth,yes,in preparation for a Kwaras run,Same as/similar to country (but spelled differently),j/n,LH,a虁ji虂n ,HH20220326-5,yes,2,no number distinction,HH20220326-5,yes,LL-H,蓻,yes (LH->L),no,a虁je虁n-蓻虂,HH20220828,yes,no number distinction,,,aj蓻n,HH20211012,,,,,Earth
222,zirov,zirove,irov,,sheaf/bundle of grass (for building roof of house),yes,,,冒/j,LH,"冒蓹虁删蓴虂v, 冒删蓴虂v",HH20230717-1,yes,2,i虁删蓴虂v,HH20230717-1,yes,LL-H,蓻,yes (LH->LL),no,冒蓹虁删蓴虁v-蓻虂,HH20230717-1,yes,i虁删蓴虁v-蓻虂,HH20230717-1,yes,,,,,,,sheaf/grass.bundle.for.roof
223,zittro,no number distinction,zittre,no number distinction,Tira language,yes,in preparation for a Kwaras run,,冒,LH,冒i虁t酞r蓴虂,HH20220326-5,yes,2,no number distinction,HH20220326-5,yes,L-H,蓻,no,yes,冒i虁t酞删-蓻虂,HH20220828,yes,no number distinction,,,冒蓹虁t酞r蓴虁,HH20210521,,,,,Tira.language
224,aprri,no number distinction,aprrinya,no number distinction,boy,yes,has gaps,"see also ""amal""",j/n,LH,a虁pri虂,< HH04232021:34:28.5 >,yes,2,no number distinction,,,LH-H,刹a,no,no,a虁pri虂-刹a虂,< HH02262021:34:23.1 >,yes,no number distinction,,,a虁pri虁,< HH01082021:02:27.5 >,yes,na虁pri虁,HH20210108,,boy
225,lede,ngede,ledenya,ngedenya,"coconut, doleib fruit",yes,in preparation for a Kwaras run,also l蓻虁d蓻虂 (HH20210707); doleib fruit?,l/艐,LH,le虁de虂,HH20220326-2,yes,2,艐e虁de虂,HH20220326-2,yes,LH-H,刹a,no,no,le虁de虂-刹a虂,HH20220714,yes,艐e虁de虂-刹a虂,HH20220714,yes,l蓻虁d蓻虁,HH20200917,,,,,coconut/doleib
226,ttuli,no number distinction,ttulinya,no number distinction,lion,yes,check eaf file status,,t酞,LH,t酞o虁le虂,HH08212020-2,yes,2,no number distinction,HH08212020-2,,LL-H,刹a,yes (LH->LL),no,t酞o虁藧le虁-刹a虂,HH08212020-2,yes,no number distinction,HH08212020-2,,t酞o虁藧le虁,HH08212020-2,,no number distinction,HH08212020-2,,lion
227,Uji,liji,uji,liji,"person, people",yes,check eaf file status,,k/l,LH,u虁蕽i虂,HH20210226,yes,2,li虁蕽i虂,HH20211012,yes,LH,脴,no,N.A.,u虁蕽i虂,HH20210226,yes,li虁蕽i虂,,,,,,,,,person
228,lubu,ngubu,lubu,ngubu,ball,yes,check eaf file status,,l,LH,l蓹虁bo虂,HH20210409,yes,2,艐蓹虁bo虂,HH20230703,yes,LH,脴,no,N.A.,l蓹虁bo虂,HH20220306-1,yes,,,,l蓹虁bo虁,HH20210409,,,,,ball
229,zuhu,rruhu,zuhu,rruhu,ostrich,yes,check eaf file status,,冒,LH,冒u虁山u虂,HH20210728,yes,2,ru虁山u虂,HH20230703,yes,LH,脴,no,N.A.,冒u虁山u虂,HH20210728,yes,,,,冒蓹虂山蕣虂,HH20211005,,,,,ostrich
230,nguhun,nguhun,nguhune,nguhune,black squirrel,yes,check eaf file status,,艐/刹,LH,艐o虁山o虂n,HH20211004,yes,2,刹o虁山o虂n,HH20211004,yes,LH,脴,no,N.A.,艐o虁山o虂n,HH20211004,yes,刹o虁山o虂n,HH20211004,yes,艐o虁山o虂n,HH20210913,,,,,black.squirrel
231,uzo,lizo,uzo,lizo,worm,yes,in preparation for a Kwaras run,,k/l,LH,u虁冒蓴虂,HH20220206-1,yes,2,l蓹虁冒蓴虂,HH20220206-1,yes,LH,脴,no,N.A.,u虁冒蓴虂,HH20220224,yes,l蓹虁冒蓴虂,HH20220224,yes,,,,,,,worm
232,diyo,irro,diyo,irro,cow,yes,in preparation for a Kwaras run,,r/j,LH,蓶i虁j蓴虂,HH20220326-2,yes,2,i虁r蓴虂,HH20220326-2,yes,LH,脴,no,N.A.,di虁j蓴虂,HH20220719-2,yes,i虁r蓴虂,HH20220719-2,yes,蓶ijo,< HH20210305:31:03.1 >,yes,ir蓴,< HH20210305:31:05.0 >,yes,cow
233,cumu,no number distinction,cumu,no number distinction,scorpion,yes,in preparation for a Kwaras run,,t蕛,LH,t蕛蕣虁mu虂,HH20220326-2,yes,2,no number distinction,HH20220326-2,yes,LH,脴,no,N.A.,t蕛蕣虁mu虂,HH20220719-2,yes,na虁lt蕛蕣虁mu虂,HH20220719-2,yes,,,,,,,scorpion
234,ili,nili,ili,nili,market,yes,in preparation for a Kwaras run,,j/n,LH,i虁li虂,HH20220326-3,yes,2,ni虁li虂,HH20220719-2,yes,LH,脴,no,N.A.,i虁li虂,HH20220719-2,yes,ni虁li虂,HH20220719-2,yes,,,,,,,market
235,iri,ndri,iri,ndri,name,yes,in preparation for a Kwaras run,,k/n,LH,i虁删i虂,HH20220326-3,yes,2,n虁dri虂,HH20220326-3,yes,LH,脴,no,N.A.,i虁ri虂,HH20220719-2,yes,n虁dri虂,HH20220719-2,yes,,,,nri虂,HH20201217,,name
236,lutu,ngutu,lutu,ngutu,fist/small house (hut),yes,in preparation for a Kwaras run,,l/艐,LH,l蕣虁蕡u虂,HH20220326-3,yes,2,艐蕣虁蕡u虂,HH20220326-3,yes,LH,脴,no,N.A.,l蕣虁蕡u虂,HH20220726-1,yes,艐蕣虁蕡u虂,HH20220726-1,yes,,,,,,,fist/hut
237,ngula,no number distinction,ngula,no number distinction,family,yes,in preparation for a Kwaras run,,艐,LH,艐u虁la虂,HH20220326-4,yes,2,no number distinction,HH20220326-4,yes,LH,脴,no,N.A.,艐u虁la虂,HH20220726-1,yes,no number distinction,,,,,,,,,family
238,ulo,no number distinction,ulo,no number distinction,flour,yes,in preparation for a Kwaras run,,k,LH,u虁l蓴虂,HH20220326-4,yes,2,no number distinction,HH20220326-4,yes,LH,脴,no,N.A.,u虁l蓴虂,HH20220726-1,yes,no number distinction,,,,,,,,,flour
239,Uho,lto,uho,lto,guinea fowl,yes,in preparation for a Kwaras run,,k/l,LH,u虁山蓴虂,HH20220326-4,yes,2,l蕡蓴虂,HH20220326-4,yes,LH,脴,no,N.A.,u虁山蓴虂,HH20220726-1,yes,l蕡蓴虂,HH20220726-8,yes,u山o,HH20200917,,,,,guinea.fowl
240,nizu,azu,,,breast,yes,,,j/n,LH,蓽虁冒u虂,HH20230414,yes,2,"ni虁冒u虂, n蓽虁冒u虂",HH20230414,yes,LH,脴,no,N.A.,蓽虁冒u虂,HH20230414,yes,"ni虁冒u虂, n蓽虁冒u虂",HH20230414,yes,,,,,,,breast
241,lura,ngura,lura,ngura,charcoal,yes,,,,LH,lo虁删a虂,HH20230414,yes,2,艐o虁删a虂,HH20230414,,LH,脴,no,N.A.,lo虁删a虂,HH20230414,yes,艐o虁删a虂,HH20230414,yes,,,,,,,charcoal
242,zedu,rredu,zedu,rredu,kigelia africana (sausage tree),yes,,,冒/r,LH,冒蓻虁du虂,HH20230420-4,yes,2,r蓻虁du虂,HH20230420-4,yes,LH,脴,no,N.A.,冒蓻虁du虂,HH20230420-4,yes,r蓻虁du虂,HH20230420-4,yes,,,,,,,kigelia.africana
243,ludu,ngudu,lugdu,ngudu,sheaf/bundle of grass (general),yes,check eaf file status,recheck vowels,l/艐,LH,l蕣虁蓶o虂,HH20230717-1,yes,2,艐蕣虁do虂,HH20230717-1,yes,LH,脴,no,N.A.,l蕣虁蓶o虂,HH20230717-1,yes,艐蕣虁do虂,HH20230717-1,yes,l蕣虁d蕣虁,HH20201111,,,,,sheaf/grass.bundle
244,angna,nangna,angna,nangna,house,yes,in preparation for a Kwaras run,,j/n,LH,蓹虁艐na虂,HH20220326-2,yes,2,n蓹虁艐na虂,HH20220326-2,yes,LH,脴,no (but vowel change? check transcriptions),N.A.,a虁艐na虂,HH20220719-2,yes,na虁艐na虂,HH20220719-2,yes,,,,,,,house
245,lurru,ngurru,lurru,ngurru,red thorn tree,yes,in preparation for a Kwaras run,,l/艐,LH,lo虁ro虂,HH20220326-3,yes,2,艐o虁ro虂,HH20220326-3,yes,LH,脴,no (but vowel change? check transcriptions),N.A.,lu虁ro虂,HH20220726-1,yes,艐u虁ro虂,HH20220726-1,yes,lo虁ro虃,HH20220201,yes,艐o虁ro虃,HH20220201,yes,red.thorn.tree
246,arrx,narrx,arra,narra,table,yes,check eaf file status,,j/,LH,脿re虂,HH20220227-1,yes,2,na虁re虂,HH20230703,yes,LH,脴,none,N.A.,脿r茅,HH20230516,yes,,,,are ?,,,,,,table
247,,,,,feather,yes,has gaps,,k/刹,LH,i虁mb山a虂,HH20220809-2,yes,2,刹i虁mb山a虂,HH20220809-2,yes,LLH,脴,none,N.A.,矛mb蓹虁山谩,HH20230516,yes,,,,i虁mb山a虂,HH20220809-2,yes,刹矛mb山脿,HH20220809-2,yes,feather
248,alq,no plural form,alq,,place,yes,,,j,LH,a虁lu虂,HH20230608,yes,2,no number distinction,,,LH,脴,none,N.A.,a虁lu虂,HH20230608,yes,no number distinction,,,,,,,,,place
249,albriz?,,albrizo?,,"mat, rug (Arabic loan)",yes,check eaf file status,Arabic loanword,j,LH,a虁lbri虂胃,HH20210630,yes,2,na虁lbri虂冒,HH20230703,yes,LH-H,蓴,no,no,a虁lb删i虂冒-蓴虂,HH20230516,yes,,,,,,,,,,mat/rug
250,umi,numi,umo,numo,bell,yes,in preparation for a Kwaras run,also u虁mi虂 (HH20200917),k/n,LH,蕣虁mi虂,HH20220326-2,yes,2,n蕣虁mi虂,HH20220326-2,yes,L-H,蓴,no,yes,蕣虁m-蓴虂,HH20220714,yes,n蕣虁m-蓴虂,HH20220714,yes,umi,HH20200917,,,,,bell
251,luhbi,nuhbi,luhbo,nguhbo,jujube fruit,yes,," (see also ""luhuvo""; regional variation)",l/艐,LH,l霉山bi虂,HH20230608,yes,2,"艐霉山bi虂, 艐霉山vi虂",HH20230608,yes,L-H,蓴,no,yes,l霉山b-蓴虂,HH20230608,yes,艐霉山b-蓴虂,HH20230608,yes,,,,,,,jujube.fruit
252,omne,nomne,omna,nomna,enemy,yes,in preparation for a Kwaras run,also 蓴虁mn蓻虁胃 and n蓴虁mn蓻虁胃 (HH20211012),k/n,LH ,蓴虁mn蓻虂 ,HH20220326-5,yes,2,n蓴虁mn蓻虂,HH20220326-5,yes,L-H,a,no,yes,蓴虁mn-a虂,HH20220828,yes,n蓴虁mna虂,HH20220828,yes,蓴虁mn蓻虁胃,HH20211012,,,,,enemy
253,ngirim,no number distinction,ngirime,no number distinction,darkness,yes,in preparation for a Kwaras run,recheck for plural form and check for a伞reement,艐,LH ,艐虁ri虂m,HH20220326-5,yes,2,no number distinction,HH20220326-5,yes,LH-H,蓻,no,no,艐蓹虁删i虂m-蓻虂,HH20220828,yes,no number distinction,,,艐i虁ri虂m,< HH20211012:28:58.7 >,yes,,,,darkness
254,ngemtere,no number distinction,ngemtera,no number distinction,frollicking,yes,in preparation for a Kwaras run,,艐,LHH,艐蓹虁mt酞蓻虂删蓻虂,HH20220326-5,yes,3,no number distinction,HH20220326-5,yes,HH-H,a,no? (is NOM form HHH + upsweep?),yes,艐蓹虂mt酞蓻虂删-a虂,HH20220828,yes,no number distinction,,,,,,,,,frollicking
255,lubutu,ngubutu,lubute,ngubute,bird (dove),yes,in preparation for a Kwaras run,also PL 艐u虁bu虁tu虁 (HH20201125),l/艐,LHH,lu虁bu虂t酞u虂 ,HH20220326-5,yes,3,艐u虁bu虂t酞u虂 ,HH20220326-5,yes,HH-H,蓻,yes (LH->H),yes,lu虂bu虂蕡-蓻虂,HH20220828,yes,艐u虂bu虂蕡蓻虂,HH20220828,yes,lu虁bu虁tu虁,HH20201111,,,,,dove
256,ulingge,no plural  form,unlinge,no number distinction,night,yes,in preparation for a Kwaras run,,k,LHH,u虁li虂艐g蓻虂,HH20220326-4,yes,3,no number distinction,HH20220326-4,yes,LHH,脴,no,N.A.,u虁li虂艐g蓻虂,HH20220726-1,yes,no number distinction,,,u虁li虂艐g蓻虂,HH20211012,,no number distinction,HH20211012,,night
257,zlaha,no number distinction,zlaha,no number distinction,plough (infinitive?),yes,in preparation for a Kwaras run,looks like an infinitive/deverbal noun,冒,LHH,冒蓹虁la虂山a虂,HH20220326-4,yes,3,no number distinction,HH20220326-4,yes,HHH,脴,no? (is NOM form HHH + upsweep?),N.A.,冒蓹虂la虂山a虂,HH020220726-1,yes,no number distinction,,,,,,,,,plough
258,sohinggo,,sohinggo,,donkey (diminutive),yes,in preparation for a Kwaras run,ngohingo is singular for donkey (grown),s,LHH,s蓴虁山i虂艐伞蓴虂,HH20211019,yes,3,,,,LHH,脴,none,N.A.,s蓴虁山铆艐伞蓴虂,,,,,,,,,,,,donkey.DIM
259,ngohinggo,nyohinggo,ngohinggo,nyohinggo,donkey,yes,check eaf file status,,艐/刹,LHH,艐蓴虁山i虂艐伞蓴虂,HH20211109,yes,3,刹a虁山i虂艐伞o虂,HH20211109,yes,LHH,脴,none,N.A.,艐蓴虁山i虂艐伞蓴虂,HH20211109,yes,刹a虁山i虂艐伞o虂,HH20211019,,艐蓴虁山i虂艐伞蓴虁,HH20211109,yes,,,,donkey
260,alkurci ,no number distinction,alkurce,no number distinction,money,yes,in preparation for a Kwaras run,Loanword from Arabic?,j,LHL,a虁lku虂rt蕛i虁,HH20220326-2,yes,3,no number distinction,HH20220326-2,yes,LH-H,蓻,no,yes,a虁lku虂删t蕛-蓻虂,HH20220719-2,yes,no number distinction,,,alkurci,HH20220206-2,,,,,money
261,ngicolo,nyicolo,nicolo,nyicolo,brown squirrel,yes,check eaf file status,Odd class?,艐/n,LHL,艐虁t蕛蓴虂l蓴虁,HH20230420-Zoom-2,yes,3,ni虁t蕛蓴虂l蓴虁,HH20211004,yes,LHL,脴,none,N.A.,艐i虁t蕛蓴虂l蓴虁,HH20211004,yes,ni虁t蕛蓴虂l蓴虁,HH20211004,yes,,,,,,,brown.squirrel
262,zaribi,yaribi,zaribo,yaribo,pen (for animals),yes,check eaf file status,,冒/j,LHL,冒蓽虁ri虂bi虁,HH20220629-1,yes,3,ja虁ri虂bi虁,HH20220629-1,yes,LH-L,蓴,no,yes,冒蓽虁ri虂b-蓴虁,HH20220629-1,yes,,,,,,,,,,animal.pen
263,almundu,nalmundu,almundo,nalmundo,gun,yes,in preparation for a Kwaras run,,j/n,LHL,a虁lmu虂ndu虁,HH20220326-2,yes,3,na虁lmu虂ndu虁,HH20220326-2,yes,LH-L,蓴,no,yes,a虁lmu虂nd酞-蓴虁,HH20220714,yes,na虁lmu虂nd酞-蓴虁,HH20220714,yes,,,,,,,gun
264,zangal,yangal,zangala,yangala,sheep,yes,check eaf file status,,冒/j,LL,冒a虁艐a虁l,< HH09242020:14:31.2 0:01.7 >,yes,2,ja虁艐a虁l,,,LL-L,a,no,no,冒a虁艐a虁l-a虁,HH20220712-1,yes,ja虁艐a虁la虁,,,冒a虁艐a虁l,,,ja虁艐a虁l,,,sheep
265,aro,laro,ora,lora,"brother, sibling",yes,in preparation for a Kwaras run,,k/l,LL,a虁删o虁 ,HH20220206-1,yes,2,la虁删o虁,HH20220206-1,yes,L-L,a,no,yes,o虁删-a虁,HH20220224,yes,lo虁删-a虁,HH20220224,yes,,,,la虁ro虁,HH20210913,,sibling
266,lonyo ,ngonyo ,lonya,ngoya,mouth,yes,in preparation for a Kwaras run,,l/艐,LL,l蓴虁刹蓴虁,HH20220206-2,yes,2,艐蓴虁刹蓴虁,HH20220206-2,yes,L-L,a,no,yes,l蓴虁刹-a虁,HH20220206-2,yes,艐蓴虁刹a,HH20220206-2,yes,,,,,,,mouth
267,zupi,yupi,zupa,yupa,pen,yes,check eaf file status,,冒/j,LL,冒u虁pi虁,HH20220227-1,yes,2,ju虁pi虁,HH20220227-1,yes,L-L,a,no,yes,冒u虁p-a虁,HH20220805-2,yes,,,,,,,,,,pen
268,lonyo ,ngonyo,lonya,ngonya,top,yes,in preparation for a Kwaras run,also 'mouth',l/艐,LL,l蓴虁刹蓴虁,HH20220326-5,yes,2,艐蓴虁刹蓴虁 ,HH20220326-5,yes,L-L,a,no,yes,l蓴虁刹-a虁,HH20220828,yes,艐蓴虁刹a虁,HH20220828,yes,l蓴刹蓴,HH20211116,,,,,top
269,tqsq,ngqtqsq,tqsa,ngqtqsa,palm of hand,yes,in preparation for a Kwaras run,,l/艐,LL,蕡o虁so虁 ,HH20220326-5,yes,2,艐蕣虁蕡o虁so虁 ,HH20220326-5,yes,L-L,a,no,yes,蕡o虁s-a虁,HH20220828,yes,艐蕣虁蕡o虁sa虁,HH20220828,yes,,,,,,,palm.of.hand
270,luzx,nguzx,luza,nguza,bone,yes,check eaf file status,unsure about the vowels,l/艐,LL,l貌冒矛,HH20220712-1,yes,2,艐霉冒矛,HH20220712-1,yes,L-L,a,no,yes,lo虁冒-a虁,HH20220712-1,yes,艐o虁冒a虁,HH20220712-1,yes,,,,,,,bone
271,zondo,yondo,zonda,yonda,gourd,yes,check eaf file status,,冒/,LL,冒蓴虁n蓶蓴虁,HH20230420-Zoom-2,yes,2,j蓴虁n蓶蓴虁,HH20230703,yes,L-L,a,no,yes,冒蓴虁nd-a虁,HH20230516,yes,,,,冒蓴虁nd蓴虁,HH20211108,,,,,gourd
272,ngimaz,no number distinction,ngimaze,no number distinction,friendship,yes,in preparation for a Kwaras run,,艐,LL,艐蓹虁ma虁冒 ,HH20220326-5,yes,2,no number distinction,HH20220326-5,yes,HH-H,蓻,yes (L->H),no,艐蓹虂ma虂冒-蓻虂,HH20220828,yes,no number distinction,,,艐a虁ma虁胃,HH20211012,,,,,friendship
273,uyel,nuyel,uyele,nuyele,"shadow, photo",yes,in preparation for a Kwaras run,Same as/similar to country (but spelled differently),k/n,LL,u虁j蓻虁l ,HH20220326-5,yes,2,nu虁j蓻虁l,HH20220326-5,yes,HH-H,蓻,yes (L->H),no,u虂j蓹虂l-蓻虂,HH20220828,yes,no number distinction,,,u虁j蓻虁l,HH20211012,,nu虁j蓻虁l,HH20211012,,shadow/photo
274,,,,,"gourd, calabash",yes,has gaps,recheck tone of object forms,l/艐,LL,l蓴虁山蔁蓻虁n,< HH08072020:41:43.4 >,yes,2,艐蓴虁rd蕭蓻虁n,,,LH-H,蓻,yes (L->LH),no,l霉山d蕭茅n-蓻虂,HH20230516,yes,艐蓴山蔁蓻n蓻,,needs to be rechecked in a better carrier phrase,l蓴虁山蔁蓻虁n,< HH08072020:39:32.3 >,yes,艐蓴虁山蔁蓻虁n,< HH07242020-Zoom1:11:42.4 >,yes,gourd/calabash
275,uhujen,nguhjen,uhujene,nguhjene,"gourd, calabash",yes,in preparation for a Kwaras run,did we get the wrong SG/PL pairing here? (there should be one l/艐 and one k/n),k/艐,LL,u虁山蔁蓻虁n,HH20220326-5,yes,2,艐u虁山蔁蓻虁n ,HH20220326-5,yes,LH-H,蓻,yes (L->LH),no,u虁山d蕭蓻虂n-蓻虂,HH20220828,yes,艐u虁山d蕭蓻虂n蓻虂,HH20220828,yes,蓴虁山蔁蓻虁n,< HH08072020:39:37.8 >,yes,ndre虁蔁蓻虁n,< HH08072020:47:02.7 >,yes,gourd/calabash
276,ela,nela,ela,nela,gourd piece,yes,in preparation for a Kwaras run,differential object markin伞 for specificity? (see also 'mushroom sp.'),k/n,LL,蓻虁la虁,HH20220326-2,yes,2,n蓻虁l脿,HH20220326-2,yes,L-L,蓻,no,yes,蓻虁la虁 ~ 蓻虁l-蓻虁,HH20220719-2,yes,n蓻虁la虁 ~ n蓻虁l-蓻虁,HH20220719-2,yes,蓻虁la虁,HH20200917,,,,,gourd.piece
277,ela,nela,ela,nela,mushroom sp.,yes,in preparation for a Kwaras run,differential object markin伞 for specificity? (see also 'gourd piece'),k/n,LL,蓻虁la虁,HH20220326-2,yes,2,n蓻虁la虁,HH20220326-2,yes,L-L,蓻,no,yes,蓻虁la虁 ~ 蓻虁l-蓻虁,HH20220719-2,yes,n蓻虁la虁 ~ n蓻虁l-蓻虁,HH20220719-2,yes,,,,n蓻虁la虁,HH20201111,,mushroom.sp.
278,nai,no number distinction,naiye,no number distinction,sweet potato,yes,in preparation for a Kwaras run,,n,LL,na虁i虁,HH20220326-5,yes,2,no number distinction,HH20220326-5,yes,LL,i?,no,depends,na虁j-i虁,HH20220828,yes,no number distinction,,,na虁j,HH20200917,,,,,sweet.potato
279,zeman,rreman,zemanya,rremanya,"leg, foot",yes,in preparation for a Kwaras run,recheck tone,冒/r,LL,冒蓹虁ma虁n,HH20220326-2,yes,2,rma虁n,HH20220326-2,yes,LL-L,刹a,no,no,冒蓹虁ma虁n-刹a虁,HH20220714,yes,"r蓹虁ma虁n-刹a虁, r虁ma虁n-刹a虁",HH20220714,yes,,,,,,,leg/foot
280,duri/lduri,nguduri,durinya,ngdurinya,mountain,yes,in preparation for a Kwaras run,recheck case forms (we got different forms for SG and PL,l/艐,LL,蓶o虁删e虁,HH20220326-2,yes,2,艐u虁蓶o虁删e虁,HH20220326-2,yes,LL-L,刹a,no,no,蓶o虁删e虁-刹a虁,HH20220714,yes,艐u虁蓶o虁删e虁-刹a虁,HH20220714,yes,蓶貌删e虁,< HH07242020-Zoom1:03:12.1 >,yes,艐貌蓶貌:删e虁,< HH07242020-Zoom1:03:33.3 >,yes,mountain
281,ori ,no number distinction,ori,no number distinction,"water (lake, river, sea)",yes,in preparation for a Kwaras run,,k,LL,蓴虁删i虁,HH20220326-4,yes,2,no number distinction,HH20220326-4,yes,HH-H,刹蓻,yes (L->H),no,蓴虁删i虁 ~ 蓴虂删i虂-刹蓻虂,HH20220726-1,yes,no number distinction,,,,,,,,,body.of.water
282,zuhi,uhi,zuhi,uhi,tree,yes,yes,plural can also mean 'forest',冒/k,LL,冒霉山矛,< HH08212020-2:26:18.1 >,yes,2,霉山矛,< HH08212020-2:26:53.3 >,yes,LL,脴,no,N.A.,冒霉山矛,< HH08212020-2:27:18.2 >,yes,u虁山i虁,HH20230516,yes,冒u虁山i虁,< HH08212020-2:24:25.3 >,yes,u山i,,,tree
283,ani,nani,aninyo,naninyo,ear/leaf,yes,check eaf file status,,k/n,LL,蓽虁ni虁,HH20201111,yes,2,n蓽虁ni虁,HH20201125,,LL,脴,no,N.A.,蓽虁ni虁,HH20201125,yes,,,,,,,,,,ear/leaf
284,ebe,nebe,ebe,nebe,gate made of bamboo,yes,check eaf file status,,k/n,LL,蓻虁尾蓻虁,HH20211004,yes,2,n蓻虁尾蓻虁,HH20211004,yes,LL,脴,no,N.A.,蓻虁尾蓻虁,HH20211004,yes,n蓻虁尾蓻虁,HH20211004,yes,蓻b蓻,HH20210913,,,,,bamboo.gate
285,uze,nuze,uze,nuze,"gazelle, antelope",yes,check eaf file status,,k/n,LL,u虁冒蓻虁,HH20220201,yes,2,nu虁冒蓻虁,HH20220201,yes,LL,脴,no,N.A.,u虁冒蓻虁,HH20220201,yes,,,,u虁冒蓻虁,HH20220201,yes,nu虁冒蓻虁,HH20220201,yes,gazelle/antelope
286,ngiya,no number distinction,ngiya,no number distinction,beer,yes,in preparation for a Kwaras run,,艐,LL,艐i虁a虁,HH20220206-2,yes,2,no number distinction,,,LL,脴,no,N.A.,艐i虁a虁,HH20220206-2,yes,no number distinction,,,艐i虁a虁,HH20220206-2,yes,,,,beer
287,angno,nagno,angno,nangno,body,yes,in preparation for a Kwaras run,,j/n,LL,a虁艐n蓴虁,HH20220326-2,yes,2,a虁艐n蓴虁,HH20220326-2,yes,LL,脴,no,N.A.,a虁艐n蓴虁,HH20220719-2,yes,na虁艐no虁,HH20220719-2,yes,,,,,,,body
288,aha,no number distinction,aha,no number distinction,first goat's milk/children,yes,in preparation for a Kwaras run,,k,LL,a虁山a虁,HH20220326-2,yes,2,no number distinction,HH20220326-2,yes,LL,脴,no,N.A.,a虁山a虁,HH20220719-2,yes,no number distinction,,,,,,,,,first.goat.milk/kid
289,erez,ndrez,erez,ndrez,palm of hand,yes,in preparation for a Kwaras run,,k/n,LL,"蓻虁删蓻虁冒, 蓻虁删蓻虁胃",HH20220326-2,yes,2,"ndr蓻虁冒, ndr蓻虁胃",HH20220326-2,yes,LL,脴,no,N.A.,蓻虁删蓻虁冒,HH20220719-2,yes,nd删蓻虁冒,HH20220719-2,yes,瑟r蓻胃,HH20210521,,ndr蓻胃,HH20210521,,palm.of.hand
290,iyo,niyo,iyo,iyo,shepherd,yes,in preparation for a Kwaras run,variation between k/n and j/n,j/n,LL,i虁j蓴虁,HH20220326-3,yes,2,ni虁j蓴虁,HH20220326-3,yes,LL,脴,no,N.A.,i虁j蓴虁,HH20220719-2,yes,ni虁j蓴虁,HH20220719-2,yes,i虁jo虁,HH20200902,,,,,shepherd
291,indo,no number distinction,indo,no number distinction,drum,yes,in preparation for a Kwaras run,,j,LL,i虁n蓶o虁 ,HH20220326-3,yes,2,no number distinction,HH20220326-3,yes,LL,脴,no,N.A.,i虁n蓶蓴虁,HH20220719-2,yes,no number distinction,,,,,,,,,drum
292,laha,ngaha,laha,ngaha,"candle, gum",yes,in preparation for a Kwaras run,,l/艐,LL,la虁山a虁,HH20220326-3,yes,2,艐a虁山a虁,HH20220326-3,yes,LL,脴,no,N.A.,la虁山a虁,HH20220719-2,yes,艐a虁山a虁,HH20220719-2,yes,,,,,,,candle/gum
293,lomo,ngomo,lomo,ngomo,"food, bread",yes,in preparation for a Kwaras run,,l/艐,LL,l蓴虁m蓴虁,HH20220326-3,yes,2,艐蓴虁m蓴虁,HH20220326-3,yes,LL,脴,no,N.A.,l蓴虁m蓴虁,HH20220719-2,yes,艐蓴虁m蓴虁,HH20220719-2,yes,,,,,,,food/bread
294,zirrna,irrna,zirrna,irrna,leather,yes,in preparation for a Kwaras run,,冒/j,LL,冒蓹虁rna虁,HH20220326-4,yes,2,e虁rna虁,HH20220326-4,yes,LL,脴,no,N.A.,冒蓹虁rna虁,HH020220726-1,yes,e虁rna虁,HH020220726-1,yes,,,,e虁rna虂,HH20211005,,leather
295,zrravi,no number distinction,zrravi,no number distinction,"water (sea, ocean)",yes,in preparation for a Kwaras run,,冒,LL,冒ra虁vi虁,HH20220326-4,yes,2,no number distinction,HH20220326-4,yes,LL,脴,no,N.A.,冒ra虁vi虁,HH020220726-1,yes,冒ra虁va虁,HH020220726-1,yes,,,,,,,sea/ocean.water
296,zuhi,uhi,zuhi,rruhi,wood,yes,in preparation for a Kwaras run,not sure what's going on with all the C-uhi forms,冒/k,LL,冒u虁山i虁,HH20220326-4,yes,2,no number distinction,HH20220326-4,yes,LL,脴,no,N.A.,冒霉山i虁,HH020220726-1,yes,r虁山i虁,HH020220726-1,yes,u山i,HH20220118,,r山i,HH20220118,,wood
297,ngma,no number distinction,ngma,no number distinction,"energy, power",yes,in preparation for a Kwaras run,,艐,LL,艐蓹虁ma虁,HH20220326-4,yes,2,no number distinction,HH20220326-4,yes,LL,脴,no,N.A.,艐蓹虁ma虁,HH20220726-1,yes,no number distinction,,,艐ama,HH20210616,,,,,energy/power
298,qni/uni,nqni/nuni,qni/uni,nqni/nuni,basket (made of palm leaves & sticks),yes,in preparation for a Kwaras run,also 蕣虁n瑟虁 (HH20210623); see also oni 'basket',k/n,LL,o虁ni虁,HH20220326-4,yes,2,no虁ni虁,HH20220326-4,yes,LL,脴,no,N.A.,o虁ni虁 ,HH20220726-1,yes,no虁ni虁 ,HH20220726-3,yes,蕣n瑟,HH20210623,,n蕣n瑟,HH20210623,,palm.leaf.basket
299,rrngo,ingo,rrngo,ingo,snake,yes,in preparation for a Kwaras run,,r/j,LL,r虁艐蓴虁,HH20220326-4,yes,2,i虁艐蓴虁,HH20220326-4,yes,LL,脴,no,N.A.,r虁艐蓴虁,HH20220726-1,yes,i虁艐蓴虁,HH20220726-5,yes,,,,,,,snake
300,rrhq,xhq,rrhq,xhq,goat,yes,in preparation for a Kwaras run,recheck tone of object forms,r/j,LL,r虁山貌,HH20220326-4,yes,2,e虁山o虁,HH20220326-4,yes,LL,脴,no,N.A.,r虁山o虁,HH20220726-1,yes,e虁山o虁,HH20220726-4,yes,r虁山o虁,< HH07242020-Zoom3:06:27.6 >,yes,e虁山o虁,< HH08072020:55:42.8 >,yes,goat
301,aja ?,no number distinction,aja ?,no number distinction,time,yes,,,k,LL,a虁d蕭a虁,HH20220726-1,yes,2,no number distinction,HH20220726-1,yes,LL,脴,no,N.A.,a虁d蕭a虁,HH20220726-1,yes,no number distinction,,,,,,,,,time
302,ziyo,,,,letter ,yes,,,冒/j,LL,冒i虁j蓴虁,HH20230612,yes,2,i虁j蓴虁,HH20230612,yes,LL,脴,no,N.A.,冒i虁j蓴虁,HH20230612,yes,i虁j蓴虁,HH20230612,yes,,,,,,,letter 
303,imaz,lmaz (also nmaz - no ??),imaz,lmaz,friend (close),yes,in preparation for a Kwaras run,variation between k/n and k/l; also 蓻虁ma虁胃 ~ a虁ma虁胃 and na虁ma虁胃 (HH20211012),k/l,LL,e虁ma虁冒,HH20220326-3,yes,2,l蓹虁ma虁冒,HH20220326-3,yes,LL,脴,no (but vowel change? check transcriptions),N.A.,蓻虁ma虁冒,HH20220719-2,yes,l蓹虁ma虁冒,HH20220719-2,yes,,,,na虁ma虂胃,HH20211012,,close.friend
304,qmi,nqmi,qmi,nqmi,fish,yes,in preparation for a Kwaras run,,k/n,LL,蕣虁mi虁,HH20220326-4,yes,2,n蕣虁mi虁,HH20220326-4,yes,LL,脴,no (but vowel change? check transcriptions),N.A.,o虁mi虁,HH20220726-1,yes,no虁mi虁,HH20220726-2,yes,umi,HH20200917,,,,,fish
305,Urno,Lurno,urno,lurno,"grandfather, grandchild",yes,check eaf file status,,k/l,LL,u虁rn蓴虁,HH20201028,yes,2,lu虁rn蓴虁,HH20220712,yes,LL,脴,none,N.A.,u虁rn蓴虁,HH20230516,yes,lu虁rn蓴虁,,,,,,,,,grandfather/grandchild
306,dduddo,no number distinction,dduddo,no number distinction,"floor, ground, dust, soil",yes,check eaf file status,,d,LL,冒u虁d酞蓴虁 ~ d酞u虁d酞蓴虁,HH20211012,yes,2,no number distinction,,,LL,脴,none,N.A.,d酞u虁d酞蓴虁,HH20211012,yes,no number distinction,,,d酞u虁d酞蓴虁,HH20211012,,,,,ground
307,reze,eze,reze,eze,"meat, vegetable, animal (prey)",yes,in preparation for a Kwaras run,,r/j,LL,r虁冒蓻虁,HH20220201,yes,2,蓻虁冒蓻虁,HH20220201,yes,LL,脴,none,N.A.,r虁冒蓻虁,HH20230516,yes,蓻虁冒蓻虁,< HH20211005:37:41.1 >,yes,r虁冒蓻虁,HH20220201,yes,蓻虁冒蓻虁,HH20220201,yes,meat/vegetable/prey
308,zaba,yaba,,,star,yes,,,冒/j,LL,冒a虁ba虁,HH20230608,yes,2,ja虁ba虁,HH20230608,yes,LL,脴,none,N.A.,冒脿b脿,HH20230608,yes,ja虁ba虁,HH20230608,yes,,,,,,,star
309,izong,lizong,izongo,lizongo,offspring,yes,,,k/l,LL,e虁冒蓴虁艐,HH20230414,yes,2,l蓹虁冒蓴虁艐,HH20230414,yes,LL-L,蓴,no,no,e虁冒蓴虁艐-蓴虁,HH20230414,yes,l蓹虁冒蓴虁艐-蓴虁,HH20230414,yes,,,,,,,offspring
310,zucul,no number distinction,zuculo,no number distinction,Arabic language,yes,,,冒,LL,冒蓹虁t蕛u虁l,HH20230420-4,yes,2,no number distinction,,,LL-L,蓴,no,no,冒蓹虁t蕛u虁l-蓴虁,HH20230420-4,yes,,,,,,,,,,Arabic.language
311,hitti,nyitti,hitto,nyitto,palm tree,yes,check eaf file status,,s/刹,LL,山i虁t酞i虁,HH20220201,yes,2,刹i虁t酞i虁,HH20220201,yes,L-L,蓴,no,yes,山矛t酞-蓴虁,HH20230516,yes,,,,山it酞i,HH20210623,,刹i虁ti虂,HH20210623,,palm.tree
312,littri,ngitri,littri,ngittro,skirt (covers front and back),yes,in preparation for a Kwaras run,,l/艐,LL,l蓹虁t酞删i虁,HH20220326-3,yes,2,艐蓹虁t酞删i虁,HH20220326-3,yes,L-L,蓴,no,yes,l蓹虁t酞删-蓴虁,HH20220719-2,yes,艐蓹虁t酞删蓴虁,HH20220719-2,yes,,,,,,,skirt
313,,,,,badness/sin,yes,,,艐,LL,艐蕣虁t蕛蓴虁,,,,l蕣虁t蕛蓴虁,,,,,,,艐蕣虁t蕛蓴虁,,,l蕣虁t蕛蓴虁,,,,,,,,,badness/sin
314,zugubul,gubul,zugubulo,gubulo,pumpkin,yes,in preparation for a Kwaras run,,冒/k,LLF,冒蓹虁g蕣虁b蕣虃l,HH20220326-2,yes,2,g蕣虁b蕣虃l,HH20220326-2,yes,LLH-L,蓴,depends,no,冒蓹虁g蕣虁b蕣虂l-蓴虁,HH20220714,yes,g蕣虁b蕣虂l-蓴虁,HH20220714,yes,,,,,,,pumpkin
315,attujay,nattujay,attujaye,nattujaye,bed strap,yes,in preparation for a Kwaras run,,j/n,LLF,a虁t酞u虁d蕭a虃j,HH20220326-5,yes,3,na虁t酞u虁d蕭a虂i虁 ,HH20220326-5,yes,LLH-H,蓻,depends,depends,a虁t酞u虁d蕭a虂j-蓻虂,HH20220828,yes,na虁t酞u虁d蕭a虂j蓻虂,HH20220828,yes,a虁t酞ud蕭a虂j,HH20210623,,,,,bed.strap
316,zalagarray,nalzalagarray,zalagarraye,nalzalagarraye,hyena,yes,in preparation for a Kwaras run,,冒/n,LLF,冒a虁lga虁ra虃j,HH20220326-5,yes,3,na虁冒a虁lga虁ra虃j,HH20220326-5,yes,LLH-H,蓻,depends,depends,冒a虁lga虁ra虂j-蓻虂,HH20220828,yes,na虁l冒a虁lgara虂j蓻虂,HH20220828,yes,冒a虁la虁ga虁ra虁j,HH20210616,,,,,hyena
317,emahzen,lemahzen,emahzena,lemahzena,woman,yes,has gaps,,k/,LLH,e虁ma虁山冒蓻虂n,< HH07242020-Zoom3:13:16.1 >,yes,3,l蓻虁ma虁山冒e虂n,HH20230703,yes,LLH-H,a,no,no,i虁ma虁山冒蓻虂n-a虂,HH20220220-1,yes,l蓻虁ma虁山冒蓻虂na虂,HH20220220-1,yes,e虁ma虁山冒蓻虁n,< HH07242020-Zoom3:03:09.7 >,yes,,,,woman
318,iddere,liddere,iddera,liddera,girl,yes,check eaf file status,,k/n,LLH,e虁d酞蓻虁删蓻虂,HH20200910,yes,3,l蓹虁d酞蓻虁删蓻虂,HH20200910,yes,LL-H,a,no,yes,猫d酞e虁删-谩,HH20230516,yes,,,,ed酞蓻r蓻,HH20200910,,ld酞蓻r蓻,HH20200910,,girl
319,,,,,spider,yes,,,k/l,LLH,u虁t酞u虁lu虂,HH20230608,yes,3,lu虁t酞u虁lu虂,HH20230608,yes,LL-H,a,no,yes,"u虁t酞u虁lu虂, u虁t酞u虁l-a虂",HH20230608,yes,lu虁t酞u虁l-a虂,HH20230608,,,,,,,,spider
320,azenyen ,no number distinction,azenyene,no number distinction,sun,yes,check eaf file status,,j,LLH,a虁冒蓹虁刹蓻虂n,HH20210611,yes,3,no number distinction,,,LLH-H,蓻,no,no,脿冒蓹虁刹蓻虂n-蓻虂,HH20230414-Zoom-3,yes,no number distinction,,,,,,,,,sun
321,qhuwel,lqtuwel,qhuwele,lqtuwele,monkey,yes,in preparation for a Kwaras run,,k/l,LLH,o虁山u虁w蓻虂l ,HH20220326-5,yes,3,lo虁蕡u虁w蓻虂l,HH20220326-5,yes,LLH-H,蓻,no,no,o虁山u虁w蓻虂l-蓻虂,HH20220828,yes,l蕡u虁w蓻虂l蓻虂,HH20220828,yes,,,,,,,monkey
322,ittro,littro,ittre,littre,Tira person,yes,in preparation for a Kwaras run,,k/l,LLH,i虁t酞蓹虁删蓴虂 ,HH20220326-5,yes,3,li虁t酞蓹虁删蓴虂,HH20220326-5,yes,L-H,蓻,no,yes,i虁t酞r-蓻虂,HH20220828,yes,li虁t酞r蓻虂,HH20220828,yes,i虁t酞r蓴虁,HH20210521,,l瑟虁t酞r蓴虁,HH20210521,,Tira.person
323,ahanggarr,nahanggarr,ahanggarr,nahanggarr,bed,yes,yes,,j/n,LLH,a虁山a虁艐ga虂r,< HH20211005:02:11.9 >,yes,3,na虁山a虁艐ga虂r,< HH20211005:18:09.4 >,yes,LLH,脴,no,N.A.,a虁山a虁艐ga虂r,< HH20211005:18:32.5 >,yes,na虁山a虁艐ga虂r,< HH20211005:18:59.0 >,yes,a虁山a虁艐ga虂r,< HH20211005:10:06.3 >,yes,na虁山a虁艐ga虁r,HH20211005,,bed
324,ittilo,nittilo,ittilo,nittilo,year,yes,in preparation for a Kwaras run,,k/n,LLH,i虁t酞蓹虁l蓴虂,HH20220326-3,yes,3,n酞i虁t酞蓹虁l蓴虂,HH20220326-3,yes,LLH,脴,no,N.A.,i虁t酞i虁l蓴虂,HH20220719-2,yes,ni虁t酞i虁l蓴虂,HH20220719-2,yes,it蓹lo,HH20210630,,,,,year
325,lurio,ngurio,lurio,ngurio,cucumber,yes,in preparation for a Kwaras run,,l/艐,LLH,lu虁删i虁j蓴虂,HH20220326-3,yes,3,艐u虁删i虁j蓴虂,HH20220326-3,yes,LLH,脴,no,N.A.,lu虁删i虁j蓴虂,HH20220726-1,yes,艐u虁删i虁j蓴虂,HH20220726-1,yes,,,,,,,cucumber
326,zenggla,rrenggla,,,tongue,yes,in preparation for a Kwaras run,,冒/r,LLH,冒蓹虁艐伞蓹虁l谩,HH20230414-Zoom-3,yes,3,r蓹虁艐伞蓹虁l谩,HH20230414-Zoom-3,yes,LLH,脴,none,N.A.,冒蓹虁艐伞蓹虁l谩,HH20230414-Zoom-3,yes,r蓹虁艐伞蓹虁l谩,HH20230414-Zoom-3,yes,,,,,,,tongue
327,luhuvo,nguhuvo,luhuvo,nguhuvo,jujube fruit ,yes,check eaf file status,"(see also ""luhbi""; regional variation)",l/艐,LLH,lu虁山u虁v蓴虂,HH20230608,yes,3,艐u虁山u虁v蓴虂,HH20200910,yes,LLH,脴,none,N.A.,lu虁山u虁v蓴虂,HH20200910,yes,艐u虁山u虁v蓴虂,HH20200910,yes,lu山wav蓴,HH20200910,,艐u山uv蓴,HH20200910,,jujube.fruit 
328,ngembhu,nyembhu,ngembhu,nyembhu,calf,yes,in preparation for a Kwaras run,,艐/刹,LLH,艐蕣虁mbo虁山o虂,HH20220326-3,yes,3,刹蕣虁mbo虁山o虂,HH20220326-3,yes,LHH,脴,yes (recheck tone and vowel transcriptions),N.A.,艐蕣虁mb蓹虂山o虂,HH20220726-1,yes,刹蕣虁mb蓹虂山o虂,HH20220726-1,yes,,,,,,,calf
329,avejege,navejege,avejege,navejege,"mat, rug",yes,in preparation for a Kwaras run,,j/n,LLH,a虁vd蕭i虁g蓻虂,HH20220326-2,yes,3,na虁vd蕭i虁g蓻虂,HH20220326-2,yes,LLH,脴,no,no,a虁vd蕭i虁g蓻虂,HH20220719-2,yes,na虁vd蕭i虁g蓻虂,HH20220719-2,yes,av蓻d蕭蓻伞蓻,HH20220220-2,,,,,mat/rug
330,ngezini,ngezini,ngezino,ngezino,"rabbit, hare",yes,in preparation for a Kwaras run,,艐/刹,LLH,艐i虁冒蓻虁ni虂,HH20220326-2,yes,3,刹i虁冒蓻虁ni虂,HH20220326-2,yes,LL-H,蓴,no,yes,艐i虁冒蓻虁n-蓴虂,HH20220714,yes,刹i虁冒蓻虁n-蓴虂,HH20220714,yes,艐i冒蓹ni,HH20201007,,艐i冒e艐i,HH20201007,,rabbit/hare
331,zengerro,engerro,zengerra,engerra,story,yes,in preparation for a Kwaras run,,冒/j,LLL,冒蓹虁艐蓻虁删蓴虁,HH020220726-1,yes,3,e虁艐蓻虁删蓴虁,HH020220726-1,yes,LL-L,a,no,yes,冒蓹虁艐蓻虁删-a虁,HH020220726-1,yes,e虁艐蓻虁删a虁,HH020220726-1,yes,,,,,,,story
332,zomoco,romocco,zomoca,romocca,man/male,yes,has gaps,,冒/r,LLL,冒蓴虁m蓴虁t蕛蓴虁,HH20211011,yes,3,r蓴虁m蓴虁t蕛蓴虁,HH20211011,yes,LL-L,a,no,yes,冒蓴虁m蓴虁t蕛-a虁,HH20211011,yes,r蓴虁m蓴虁t蕛a虁,HH20211011,yes,"冒蓴虁m蓴虁t蕛蓴虁, 冒蓴虁m蓴虁c蓴虁",< HH02262021:03:49.6 >,yes,,,,man/male
333,evarttu,levarttu,evarrta,levarrta,teacher,yes,in preparation for a Kwaras run,,k/l,LLL,蓻虁va虁删t蓴虁,HH20211130,yes,3,l蓻虁va虁删t酞蓴虁,HH20211130,yes,LL-L,a,no,yes,蓻虁va虁删t酞-a虁 ,HH20211130,yes,,,,,,,,,,teacher
334,,,ngvavri,,bicycle,yes,,,l/,LLL,l蓹虁va虁v删i虁,HH20220708-1,yes,3,艐蓹虁va虁v删i虁,HH20230703,yes,LL-L,a,no,yes,l蓹虁va虁v删-a虁,HH20220708-1,yes,,,,,,,,,,bicycle
335,addohol,xddohol,addohole,xddohole,tortoise,yes,in preparation for a Kwaras run,,j/e??,LLL,a虁d蓹虁山蓴虁l,HH20220326-5,yes,3,e虁d蓹虁山蓴虁l ,HH20220326-5,yes,HHH-H,蓻,yes (L->H),no,a虂d蓹虂山蓴虂l-蓻虂,HH20220828,yes,e虂d蓹虂山蓴虂l蓻虂,HH20220828,yes,,,,SG = Plural,HH20210804,,tortoise
336,avala,navala,avala,navala,cat,yes,yes,,k/n,LLL,a虁va虁la虁,< HH20211012:01:48.0 >,yes,3,na虁vla虁,< HH20211012:10:19.4 >,yes,LLL,脴,no,N.A.,a虁va虁la虁,< HH20211012:02:32.2 >,yes,na虁vla虁,< HH20211012:02:54.8 >,yes,"a虁va虁la虁, 蓻虁va虁la虁",< HH20211012:01:48.0 >,yes,na虁vla虂,< HH20211012:00:38.0 >,yes,cat
337,ngiricoco,,no number distinction,,"notes, study, learning",yes,check eaf file status,see also 'student'; compare to infinitive of 'learn/teach',艐,LLL,艐矛删t蕛蓴虁t蕛蓴虁,HH20220227-1,yes,3,no number distinction,,,LLLL,脴,no,N.A.,艐矛删t蕛蓴虁t蕛蓴虁,HH20230516,yes,no number distinction,,,,,,,,,learning
338,elaha,neleha,elaha,nelaha,farmer,yes,in preparation for a Kwaras run,,k/n,LLL,蓻虁la虁山a虁,HH20220326-2,yes,3,n蓻虁la虁山a虁,HH20220326-2,yes,LLL,脴,no,N.A.,蓻虁la虁山a虁,HH20220719-2,yes,n蓻虁la虁山a虁,HH20220719-2,yes,ala山a,HH20200902,,,,,farmer
339,ingino,lingino,ingino,lingino,sibling,yes,in preparation for a Kwaras run,,k/l,LLL,i虁l艐i虁n蓴虁,HH20220326-3,yes,3,li虁艐i虁n蓴虁,HH20220326-3,yes,LLL,脴,no,N.A.,i虁l艐i虁n蓴虁,HH20220719-2,yes,li虁艐i虁n蓴虁,HH20220719-2,yes,,,,,,,sibling
340,lavarra,ngavarra,lavarra,ngavarra,stick,yes,in preparation for a Kwaras run,,l/艐,LLL,la虁va虁ra虁,HH20220326-3,yes,3,艐a虁va虁ra虁,HH20220326-3,yes,LLL,脴,no,N.A.,l蓹虁va虁ra虁,HH20220719-2,yes,艐蓹虁va虁ra虁,HH20220719-2,yes,l蓹虁vra虁藧,< HH08212020-2:16:17.6 >,yes,艐蓹虁vra虁,< HH08212020-2:16:35.9 >,yes,stick
341,ohatta,no number distinction,ohatta,no number distinction,light,yes,in preparation for a Kwaras run,,j,LLL,蓴虁山a虁t酞a虁,HH20220326-4,yes,3,no number distinction,HH20220326-4,yes,LLL,脴,no,N.A.,蓴虁山a虁t酞a虁,HH20220726-1,yes,no number distinction,,,,,,,,,light
342,uhuwo,lutuwo,uhuwo,lutuwo,"bird sp.; spirit, dream",yes,in preparation for a Kwaras run,,k/l,LLL,u虁山u虁w蓴虁,HH20220326-4,yes,3,lu虁蕡u虁w蓴虁,HH20220326-4,yes,LLL,脴,no,N.A.,u虁山u虁w蓴虁,HH20220726-1,yes,lu虁蕡u虁w蓴虁,HH20220726-9,yes,,,,,,,bird.sp./spirit/dream
343,zelnga,yelnga,zelnga,yelnga,song (plural also means music),yes,check eaf file status,Compare to infinitive of 'sing',冒/j,LLL,冒蓹虁l蓹虁艐a虁,HH20230619,yes,3,蓻虁l蓹虁艐脿,HH20230619,yes,LLL,脴,no,N.A.,冒蓹虁l蓹虁艐a虁,HH20230619,yes,蓻虁l蓹虁艐脿,HH20230619,yes,,,,,,,song/music
344,zedehi,edehi,zedeho,edeho,"herb, root",yes,in preparation for a Kwaras run,some confusion about what is SG and what is PL,冒/j (or k??),LLL,冒蓹虁冒蓻虁山i虁,HH20220227-1,yes,3,e虁d蓻虁山i虁,HH20220326-2,yes,LL-L,蓴,no,yes,冒蓹虁冒蓴虁山-蓴虁,HH20230414,yes,e虁d蓴虁山-蓴虁,HH20220714,yes,冒蓹d蓽山i,HH20201104,,,,,herb/root
345,iricoco,liricoco,iricoco,liricoco,student (previously 'teacher' too; not anymore),yes,check eaf file status,see also 'notes',k/l,LLLL,矛删矛t蕛蓴虁t蕛蓴虁,HH20220227-1,yes,4,li虁删t蕛蓴虁t蕛蓴虁 ,HH20220227-1,yes,LLLL,脴,no,N.A.,矛删t蕛蓴虁t蕛蓴虁,HH20230516,yes,l矛rt蕛蓻虁t蕛蓴虁,,,,,,li删it蕛蓴t蕛蓴,,,student
346,ozengena,nozengena ,ozengena,nozengena,hippo,yes,check eaf file status,,k/n,LLLL,蓴虁冒蓹虁艐瑟虁na虁,HH20210611,yes,4,n蓴虁冒蓻虁艐矛n脿,HH20230703,yes,,,,,蓴虁冒蓹虁艐瑟虁na虁,HH20210611,,,,,蓴虁冒蓹虁艐瑟虁na虁,HH20210611,,,,,hippo
347,irriyo,ndrriyo,irriyo,ndrriyo,knee,yes,,,,,i虁ri虁j蓴虂,HH20221206,,3,n虁dri虁j蓴虂,HH20221206,no,,,,,i虁ri虁j蓴虂,HH20221206,,,,,,,,,,,knee
348,zeboho,rreboho,zeboho,rreboho,thread,yes,,,,,冒蓹虁b蓴虂山蓴虂,HH20230420-4??,,3,r蓹虁b蓴虂山蓴虂,HH20230420-4??,,LHH,,,,冒蓹虁b蓴虂山蓴虂,HH20230420-4??,,r蓹虁b蓴虂山蓴虂,HH20230420-4??,,,,,,,,thread
